family,seed,direction,lag_cells,lag_m,gamma,gamma_std,npairs
sgs,101,x,1,20.0,1.0731004252298668,0.11923338058109634,2450
sgs,101,x,2,40.0,1.8147471734419212,0.20163857482688016,2400
sgs,101,x,3,60.0,2.6183331577592717,0.2909259064176969,2350
sgs,101,x,4,80.0,3.3994621004345564,0.37771801115939524,2300
sgs,101,x,5,100.0,4.159811825705584,0.46220131396728725,2250
sgs,101,x,6,120.0,4.876209455938476,0.5418010506598308,2200
sgs,101,x,7,140.0,5.4401427493671335,0.6044603054852372,2150
sgs,101,x,8,160.0,5.9620952513699,0.662455027929989,2100
sgs,101,x,9,180.0,6.408507918705577,0.7120564354117309,2050
sgs,101,x,10,200.0,6.789985249184281,0.7544428054649203,2000
sgs,101,x,11,220.0,7.096958011488918,0.7885508901654356,1950
sgs,101,x,12,240.0,7.408486372002547,0.8231651524447275,1900
sgs,101,x,13,260.0,7.622546424325821,0.8469496027028692,1850
sgs,101,x,14,280.0,7.733267335096337,0.8592519261218154,1800
sgs,101,x,15,300.0,7.847176139526525,0.8719084599473919,1750
sgs,101,x,16,320.0,7.909594141490872,0.8788437934989859,1700
sgs,101,x,17,340.0,8.033690616040941,0.8926322906712159,1650
sgs,101,x,18,360.0,8.165479355401066,0.907275483933452,1600
sgs,101,x,19,380.0,8.29124181661924,0.9212490907354712,1550
sgs,101,x,20,400.0,8.328601663069904,0.9254001847855451,1500
sgs,101,x,21,420.0,8.312620924197907,0.9236245471331009,1450
sgs,101,x,22,440.0,8.151751489874302,0.9057501655415893,1400
sgs,101,x,23,460.0,8.136772782400394,0.904085864711155,1350
sgs,101,x,24,480.0,8.062521258225612,0.8958356953584015,1300
sgs,101,x,25,500.0,7.882061514780976,0.875784612753442,1250
sgs,101,y,1,20.0,1.0690367188630046,0.11878185765144497,2450
sgs,101,y,2,40.0,1.820072297888224,0.20223025532091382,2400
sgs,101,y,3,60.0,2.420498534184286,0.26894428157603184,2350
sgs,101,y,4,80.0,3.1078545600439433,0.345317173338216,2300
sgs,101,y,5,100.0,3.7194021242835533,0.4132669026981727,2250
sgs,101,y,6,120.0,4.385232970114376,0.4872481077904863,2200
sgs,101,y,7,140.0,4.960723616041084,0.5511915128934538,2150
sgs,101,y,8,160.0,5.478140780692113,0.6086823089657905,2100
sgs,101,y,9,180.0,5.967278268449338,0.6630309187165933,2050
sgs,101,y,10,200.0,6.464345793442031,0.7182606437157814,2000
sgs,101,y,11,220.0,6.919728296999875,0.7688586996666529,1950
sgs,101,y,12,240.0,7.32913057911986,0.814347842124429,1900
sgs,101,y,13,260.0,7.827696060872551,0.869744006763617,1850
sgs,101,y,14,280.0,8.360861789433464,0.9289846432703851,1800
sgs,101,y,15,300.0,8.939616414845913,0.9932907127606572,1750
sgs,101,y,16,320.0,9.527677109759404,1.0586307899732672,1700
sgs,101,y,17,340.0,10.064212240751768,1.1182458045279744,1650
sgs,101,y,18,360.0,10.596410163215582,1.1773789070239538,1600
sgs,101,y,19,380.0,11.154929664631078,1.2394366294034533,1550
sgs,101,y,20,400.0,11.625537314984278,1.2917263683315867,1500
sgs,101,y,21,420.0,12.102218366255698,1.3446909295839669,1450
sgs,101,y,22,440.0,12.442749210831444,1.3825276900923829,1400
sgs,101,y,23,460.0,12.830870578788488,1.4256522865320544,1350
sgs,101,y,24,480.0,13.340488803568878,1.4822765337298756,1300
sgs,101,y,25,500.0,13.780627217993361,1.5311808019992625,1250
sgs,102,x,1,20.0,1.108823867052839,0.12320265189475989,2450
sgs,102,x,2,40.0,1.8773962225352026,0.20859958028168918,2400
sgs,102,x,3,60.0,2.719489320965271,0.30216548010725236,2350
sgs,102,x,4,80.0,3.630650620187665,0.4034056244652961,2300
sgs,102,x,5,100.0,4.496846879375522,0.49964965326394695,2250
sgs,102,x,6,120.0,5.335121773128447,0.5927913081253829,2200
sgs,102,x,7,140.0,6.114003745750796,0.6793337495278662,2150
sgs,102,x,8,160.0,6.681402841114297,0.7423780934571441,2100
sgs,102,x,9,180.0,7.281990543773999,0.8091100604193332,2050
sgs,102,x,10,200.0,7.688057937118975,0.8542286596798861,2000
sgs,102,x,11,220.0,8.034013173222426,0.8926681303580474,1950
sgs,102,x,12,240.0,8.37850726277871,0.9309452514198566,1900
sgs,102,x,13,260.0,8.577845308508893,0.9530939231676547,1850
sgs,102,x,14,280.0,8.878539126902062,0.9865043474335624,1800
sgs,102,x,15,300.0,9.009475819532264,1.0010528688369182,1750
sgs,102,x,16,320.0,9.280807399320437,1.0312008221467153,1700
sgs,102,x,17,340.0,9.545986636364772,1.060665181818308,1650
sgs,102,x,18,360.0,9.834360394741235,1.092706710526804,1600
sgs,102,x,19,380.0,10.196963168393742,1.1329959075993046,1550
sgs,102,x,20,400.0,10.584833456704063,1.1760926063004513,1500
sgs,102,x,21,420.0,11.024745355264736,1.2249717061405263,1450
sgs,102,x,22,440.0,11.558227578470419,1.2842475087189353,1400
sgs,102,x,23,460.0,12.150339675230644,1.3500377416922937,1350
sgs,102,x,24,480.0,12.682974942951532,1.4092194381057257,1300
sgs,102,x,25,500.0,13.005653287407284,1.4450725874896984,1250
sgs,102,y,1,20.0,1.0544129151868276,0.11715699057631418,2450
sgs,102,y,2,40.0,1.7374753451663616,0.19305281612959574,2400
sgs,102,y,3,60.0,2.331639812366314,0.25907109026292374,2350
sgs,102,y,4,80.0,2.9520571634284676,0.32800635149205193,2300
sgs,102,y,5,100.0,3.4835482475765684,0.3870609163973965,2250
sgs,102,y,6,120.0,3.925147086259891,0.4361274540288768,2200
sgs,102,y,7,140.0,4.395093145481499,0.48834368283127766,2150
sgs,102,y,8,160.0,4.788323654808006,0.5320359616453341,2100
sgs,102,y,9,180.0,5.157892427922232,0.5730991586580259,2050
sgs,102,y,10,200.0,5.548220348570568,0.616468927618952,2000
sgs,102,y,11,220.0,6.045154292462173,0.6716838102735747,1950
sgs,102,y,12,240.0,6.548182943920916,0.7275758826578795,1900
sgs,102,y,13,260.0,7.063425366644744,0.784825040738305,1850
sgs,102,y,14,280.0,7.7166296196947854,0.8574032910771984,1800
sgs,102,y,15,300.0,8.32426802568477,0.92491866952053,1750
sgs,102,y,16,320.0,8.779552545432502,0.975505838381389,1700
sgs,102,y,17,340.0,9.190349106703897,1.0211499007448774,1650
sgs,102,y,18,360.0,9.47679500138432,1.0529772223760354,1600
sgs,102,y,19,380.0,9.639264276914268,1.0710293641015853,1550
sgs,102,y,20,400.0,9.925412290581203,1.102823587842356,1500
sgs,102,y,21,420.0,10.28639509470378,1.1429327883004199,1450
sgs,102,y,22,440.0,10.60341278501981,1.1781569761133122,1400
sgs,102,y,23,460.0,10.910832372033719,1.2123147080037464,1350
sgs,102,y,24,480.0,11.22557992351766,1.2472866581686288,1300
sgs,102,y,25,500.0,11.357613795329803,1.261957088369978,1250
sgs,103,x,1,20.0,1.8469084751927618,0.20521205279919574,2450
sgs,103,x,2,40.0,2.786590197191768,0.30962113302130756,2400
sgs,103,x,3,60.0,3.4799596698971005,0.3866621855441223,2350
sgs,103,x,4,80.0,4.149174449543528,0.4610193832826142,2300
sgs,103,x,5,100.0,4.656451586805269,0.5173835096450299,2250
sgs,103,x,6,120.0,5.148592820541954,0.572065868949106,2200
sgs,103,x,7,140.0,5.640689392090966,0.6267432657878851,2150
sgs,103,x,8,160.0,6.198057430948613,0.6886730478831793,2100
sgs,103,x,9,180.0,6.5687595273889885,0.7298621697098876,2050
sgs,103,x,10,200.0,6.853067944345045,0.7614519938161162,2000
sgs,103,x,11,220.0,7.064533050926781,0.7849481167696424,1950
sgs,103,x,12,240.0,7.240855330831387,0.8045394812034874,1900
sgs,103,x,13,260.0,7.367835106584972,0.8186483451761081,1850
sgs,103,x,14,280.0,7.37624434083437,0.8195827045371522,1800
sgs,103,x,15,300.0,7.520753693272562,0.8356392992525069,1750
sgs,103,x,16,320.0,7.653831703821557,0.8504257448690619,1700
sgs,103,x,17,340.0,7.806864941218323,0.867429437913147,1650
sgs,103,x,18,360.0,7.895354342175445,0.8772615935750494,1600
sgs,103,x,19,380.0,7.975700148709647,0.886188905412183,1550
sgs,103,x,20,400.0,7.886785790385994,0.8763095322651104,1500
sgs,103,x,21,420.0,7.839144886641596,0.8710160985157329,1450
sgs,103,x,22,440.0,7.96656431246101,0.8851738124956677,1400
sgs,103,x,23,460.0,7.98812938978783,0.8875699321986478,1350
sgs,103,x,24,480.0,8.28365902317035,0.9204065581300388,1300
sgs,103,x,25,500.0,8.566796967074453,0.9518663296749392,1250
sgs,103,y,1,20.0,1.9013056874399783,0.21125618749333092,2450
sgs,103,y,2,40.0,2.8815080432368307,0.3201675603596479,2400
sgs,103,y,3,60.0,3.7570304409920627,0.41744782677689585,2350
sgs,103,y,4,80.0,4.6145997171946025,0.5127333019105114,2300
sgs,103,y,5,100.0,5.464262393689732,0.6071402659655258,2250
sgs,103,y,6,120.0,6.25380029913656,0.6948666999040622,2200
sgs,103,y,7,140.0,6.945095892190526,0.771677321354503,2150
sgs,103,y,8,160.0,7.456717233416187,0.8285241370462431,2100
sgs,103,y,9,180.0,7.947048352591915,0.8830053725102128,2050
sgs,103,y,10,200.0,8.376582943527588,0.9307314381697319,2000
sgs,103,y,11,220.0,8.63150731701832,0.9590563685575911,1950
sgs,103,y,12,240.0,8.692056063075901,0.9657840070084335,1900
sgs,103,y,13,260.0,8.62573642692719,0.9584151585474656,1850
sgs,103,y,14,280.0,8.772346484798776,0.9747051649776418,1800
sgs,103,y,15,300.0,8.77899718560879,0.9754441317343099,1750
sgs,103,y,16,320.0,8.709189843203134,0.9676877603559038,1700
sgs,103,y,17,340.0,8.80241557885144,0.9780461754279377,1650
sgs,103,y,18,360.0,8.966204261427011,0.9962449179363345,1600
sgs,103,y,19,380.0,9.127505973504553,1.0141673303893948,1550
sgs,103,y,20,400.0,9.312570643300216,1.0347300714778018,1500
sgs,103,y,21,420.0,9.553710863603925,1.061523429289325,1450
sgs,103,y,22,440.0,9.74429658569152,1.0826996206323911,1400
sgs,103,y,23,460.0,10.002627878654058,1.1114030976282288,1350
sgs,103,y,24,480.0,10.308119337757624,1.1453465930841804,1300
sgs,103,y,25,500.0,10.625614500575614,1.1806238333972905,1250
sgs,104,x,1,20.0,1.9549309197855171,0.2172145466428353,2450
sgs,104,x,2,40.0,3.079282628305989,0.34214251425622105,2400
sgs,104,x,3,60.0,4.1912596449793185,0.46569551610881327,2350
sgs,104,x,4,80.0,5.222132922472916,0.5802369913858797,2300
sgs,104,x,5,100.0,6.279432948422192,0.6977147720469103,2250
sgs,104,x,6,120.0,7.173862310656916,0.7970958122952131,2200
sgs,104,x,7,140.0,8.013302604176674,0.8903669560196307,2150
sgs,104,x,8,160.0,8.621623539452706,0.9579581710503009,2100
sgs,104,x,9,180.0,9.356263744063966,1.039584860451552,2050
sgs,104,x,10,200.0,9.901451948557192,1.100161327617466,2000
sgs,104,x,11,220.0,10.335356768620535,1.1483729742911708,1950
sgs,104,x,12,240.0,10.68329530004837,1.1870328111164856,1900
sgs,104,x,13,260.0,11.101465473600335,1.2334961637333708,1850
sgs,104,x,14,280.0,11.305399159035645,1.256155462115072,1800
sgs,104,x,15,300.0,11.555367141956353,1.283929682439595,1750
sgs,104,x,16,320.0,11.694089023181574,1.2993432247979528,1700
sgs,104,x,17,340.0,11.736266613413243,1.3040296237125828,1650
sgs,104,x,18,360.0,11.712277647965607,1.30136418310729,1600
sgs,104,x,19,380.0,11.553403527293298,1.283711503032589,1550
sgs,104,x,20,400.0,11.324593361338911,1.2582881512598791,1500
sgs,104,x,21,420.0,10.892466060675837,1.21027400674176,1450
sgs,104,x,22,440.0,10.34859265063734,1.1498436278485935,1400
sgs,104,x,23,460.0,9.899547371059954,1.0999497078955507,1350
sgs,104,x,24,480.0,9.457836692498166,1.0508707436109075,1300
sgs,104,x,25,500.0,9.134569507949069,1.0149521675498967,1250
sgs,104,y,1,20.0,1.9874358659087645,0.2208262073231961,2450
sgs,104,y,2,40.0,3.0902841347410677,0.3433649038601187,2400
sgs,104,y,3,60.0,4.1896069378433,0.465511881982589,2350
sgs,104,y,4,80.0,5.072147553786776,0.5635719504207529,2300
sgs,104,y,5,100.0,5.800253980326035,0.6444726644806706,2250
sgs,104,y,6,120.0,6.464108762762726,0.7182343069736364,2200
sgs,104,y,7,140.0,6.899454619479078,0.7666060688310088,2150
sgs,104,y,8,160.0,7.173953444772733,0.7971059383080816,2100
sgs,104,y,9,180.0,7.2387744232219235,0.8043082692468806,2050
sgs,104,y,10,200.0,7.364917744870695,0.8183241938745218,2000
sgs,104,y,11,220.0,7.544860026682141,0.8383177807424602,1950
sgs,104,y,12,240.0,7.521934237869194,0.835770470874355,1900
sgs,104,y,13,260.0,7.582932991597339,0.8425481101774822,1850
sgs,104,y,14,280.0,7.495856880874931,0.8328729867638814,1800
sgs,104,y,15,300.0,7.5138028493815385,0.8348669832646155,1750
sgs,104,y,16,320.0,7.586559466221644,0.842951051802405,1700
sgs,104,y,17,340.0,7.722585971680144,0.8580651079644606,1650
sgs,104,y,18,360.0,7.86365480553721,0.873739422837468,1600
sgs,104,y,19,380.0,8.2336942418436,0.9148549157604001,1550
sgs,104,y,20,400.0,8.59868206232484,0.9554091180360936,1500
sgs,104,y,21,420.0,8.830291422024096,0.9811434913360109,1450
sgs,104,y,22,440.0,9.140954448277958,1.0156616053642178,1400
sgs,104,y,23,460.0,9.377217274898598,1.041913030544289,1350
sgs,104,y,24,480.0,9.592955433311698,1.0658839370346334,1300
sgs,104,y,25,500.0,9.909894604927123,1.1010994005474584,1250
sgs,105,x,1,20.0,1.8088897684075944,0.20098775204528826,2450
sgs,105,x,2,40.0,2.8205662388940778,0.31339624876600863,2400
sgs,105,x,3,60.0,3.6956091282920664,0.41062323647689625,2350
sgs,105,x,4,80.0,4.601861967049635,0.5113179963388483,2300
sgs,105,x,5,100.0,5.408268138267314,0.6009186820297016,2250
sgs,105,x,6,120.0,6.235360194080055,0.6928177993422283,2200
sgs,105,x,7,140.0,6.9403833535681825,0.7711537059520203,2150
sgs,105,x,8,160.0,7.436382666518778,0.8262647407243087,2100
sgs,105,x,9,180.0,7.990264930622724,0.887807214513636,2050
sgs,105,x,10,200.0,8.227352709250328,0.9141503010278141,2000
sgs,105,x,11,220.0,8.431183063914856,0.9367981182127618,1950
sgs,105,x,12,240.0,8.590551437419244,0.9545057152688048,1900
sgs,105,x,13,260.0,8.67441788743133,0.9638242097145923,1850
sgs,105,x,14,280.0,8.821608525957268,0.9801787251063632,1800
sgs,105,x,15,300.0,8.738611157125414,0.9709567952361571,1750
sgs,105,x,16,320.0,8.600705787443546,0.9556339763826163,1700
sgs,105,x,17,340.0,8.512400995553103,0.9458223328392337,1650
sgs,105,x,18,360.0,8.543746976199767,0.9493052195777518,1600
sgs,105,x,19,380.0,8.635502928965057,0.9595003254405619,1550
sgs,105,x,20,400.0,8.626702503204061,0.9585225003560068,1500
sgs,105,x,21,420.0,8.52076223373114,0.9467513593034601,1450
sgs,105,x,22,440.0,8.640969523174137,0.9601077247971264,1400
sgs,105,x,23,460.0,8.544955279748764,0.9494394755276405,1350
sgs,105,x,24,480.0,8.346755943564915,0.9274173270627684,1300
sgs,105,x,25,500.0,8.075151727438907,0.8972390808265452,1250
sgs,105,y,1,20.0,1.840012264312651,0.20444580714585012,2450
sgs,105,y,2,40.0,2.945602137512327,0.32728912639025853,2400
sgs,105,y,3,60.0,3.9242616361034814,0.4360290706781646,2350
sgs,105,y,4,80.0,4.747984390348239,0.5275538211498043,2300
sgs,105,y,5,100.0,5.538454307660118,0.6153838119622352,2250
sgs,105,y,6,120.0,6.3967742472585964,0.7107526941398441,2200
sgs,105,y,7,140.0,7.207677494005739,0.8008530548895265,2150
sgs,105,y,8,160.0,7.9937831265600225,0.8881981251733359,2100
sgs,105,y,9,180.0,8.715269660360322,0.9683632955955913,2050
sgs,105,y,10,200.0,9.40707577674995,1.0452306418611057,2000
sgs,105,y,11,220.0,9.937445411510886,1.1041606012789873,1950
sgs,105,y,12,240.0,10.217504490344616,1.1352782767049574,1900
sgs,105,y,13,260.0,10.25654148180801,1.13961572020089,1850
sgs,105,y,14,280.0,10.125680747887943,1.1250756386542158,1800
sgs,105,y,15,300.0,10.001348708250863,1.111260967583429,1750
sgs,105,y,16,320.0,9.761867528014305,1.084651947557145,1700
sgs,105,y,17,340.0,9.503504037211085,1.0559448930234538,1650
sgs,105,y,18,360.0,9.489394809133943,1.0543772010148826,1600
sgs,105,y,19,380.0,9.456998713720818,1.0507776348578686,1550
sgs,105,y,20,400.0,9.145850316508664,1.0162055907231848,1500
sgs,105,y,21,420.0,8.996444830745359,0.9996049811939288,1450
sgs,105,y,22,440.0,8.645036455189752,0.9605596061321946,1400
sgs,105,y,23,460.0,8.385707025248125,0.9317452250275695,1350
sgs,105,y,24,480.0,8.374246135119796,0.9304717927910884,1300
sgs,105,y,25,500.0,8.31936967211277,0.9243744080125301,1250
obm,0,x,1,20.0,2.0618800470180467,0.22909778300200515,2450
obm,0,x,2,40.0,3.0344413230126093,0.33716014700140096,2400
obm,0,x,3,60.0,3.9132099047980624,0.43480110053311793,2350
obm,0,x,4,80.0,4.43665093392194,0.49296121488021544,2300
obm,0,x,5,100.0,4.906120472477248,0.5451244969419163,2250
obm,0,x,6,120.0,5.158873637029686,0.5732081818921871,2200
obm,0,x,7,140.0,5.485350506357386,0.6094833895952649,2150
obm,0,x,8,160.0,5.691688623287915,0.6324098470319904,2100
obm,0,x,9,180.0,5.919864460809998,0.6577627178677774,2050
obm,0,x,10,200.0,6.124548467910798,0.6805053853234219,2000
obm,0,x,11,220.0,6.320607209115011,0.7022896899016678,1950
obm,0,x,12,240.0,6.434565337842008,0.7149517042046674,1900
obm,0,x,13,260.0,6.68749449723573,0.7430549441373032,1850
obm,0,x,14,280.0,6.711868237565108,0.7457631375072341,1800
obm,0,x,15,300.0,6.81360236077051,0.7570669289745009,1750
obm,0,x,16,320.0,6.75233471799507,0.7502594131105632,1700
obm,0,x,17,340.0,6.861054624364355,0.7623394027071504,1650
obm,0,x,18,360.0,6.912048231192457,0.7680053590213839,1600
obm,0,x,19,380.0,6.885476169235407,0.7650529076928229,1550
obm,0,x,20,400.0,6.877186953025898,0.7641318836695441,1500
obm,0,x,21,420.0,6.902739354834126,0.7669710394260139,1450
obm,0,x,22,440.0,6.738758414995419,0.7487509349994909,1400
obm,0,x,23,460.0,6.83230717323021,0.7591452414700232,1350
obm,0,x,24,480.0,6.840433495156943,0.7600481661285491,1300
obm,0,x,25,500.0,6.851897816326117,0.7613219795917906,1250
obm,0,y,1,20.0,3.529362512914451,0.3921513903238278,2450
obm,0,y,2,40.0,5.223164742015636,0.5803516380017373,2400
obm,0,y,3,60.0,6.054801130358961,0.6727556811509956,2350
obm,0,y,4,80.0,6.768111312380842,0.7520123680423156,2300
obm,0,y,5,100.0,7.1721063607959925,0.7969007067551102,2250
obm,0,y,6,120.0,7.770967385469571,0.8634408206077299,2200
obm,0,y,7,140.0,8.30298950121781,0.922554389024201,2150
obm,0,y,8,160.0,8.765592028566246,0.9739546698406938,2100
obm,0,y,9,180.0,9.54792447110557,1.0608804967895076,2050
obm,0,y,10,200.0,10.294525546936464,1.143836171881829,2000
obm,0,y,11,220.0,11.240364341741168,1.248929371304574,1950
obm,0,y,12,240.0,11.662203103125028,1.2958003447916695,1900
obm,0,y,13,260.0,11.78804908478612,1.3097832316429021,1850
obm,0,y,14,280.0,11.964497106202334,1.3293885673558146,1800
obm,0,y,15,300.0,12.525708004711104,1.3917453338567891,1750
obm,0,y,16,320.0,13.161097649607298,1.4623441832896995,1700
obm,0,y,17,340.0,13.535533198091715,1.5039481331213014,1650
obm,0,y,18,360.0,13.520864856788599,1.5023183174209551,1600
obm,0,y,19,380.0,13.656638643318827,1.5174042937020915,1550
obm,0,y,20,400.0,13.536286799751236,1.504031866639026,1500
obm,0,y,21,420.0,13.498078360051947,1.499786484450216,1450
obm,0,y,22,440.0,13.371297767995067,1.4856997519994515,1400
obm,0,y,23,460.0,12.809615590252493,1.4232906211391656,1350
obm,0,y,24,480.0,11.900613158697018,1.322290350966335,1300
obm,0,y,25,500.0,11.369112563014502,1.2632347292238333,1250
obm,1,x,1,20.0,1.4956963712897207,0.16618848569885789,2450
obm,1,x,2,40.0,2.237776909780625,0.24864187886451392,2400
obm,1,x,3,60.0,2.9337376116958285,0.325970845743981,2350
obm,1,x,4,80.0,3.497203124893308,0.3885781249881454,2300
obm,1,x,5,100.0,3.8617848698026283,0.4290872077558477,2250
obm,1,x,6,120.0,4.137384559789546,0.4597093955321719,2200
obm,1,x,7,140.0,4.380019664627741,0.48666885162530465,2150
obm,1,x,8,160.0,4.4717156588728955,0.4968572954303218,2100
obm,1,x,9,180.0,4.531628456844689,0.5035142729827433,2050
obm,1,x,10,200.0,4.603519724115338,0.511502191568371,2000
obm,1,x,11,220.0,4.6341650524835964,0.514907228053733,1950
obm,1,x,12,240.0,4.662550372113656,0.518061152457073,1900
obm,1,x,13,260.0,4.588708753497495,0.5098565281663885,1850
obm,1,x,14,280.0,4.570161991178878,0.5077957767976532,1800
obm,1,x,15,300.0,4.747551674152716,0.5275057415725242,1750
obm,1,x,16,320.0,4.840529018427373,0.5378365576030415,1700
obm,1,x,17,340.0,4.891857615255488,0.5435397350283877,1650
obm,1,x,18,360.0,4.9244042519522475,0.5471560279946943,1600
obm,1,x,19,380.0,5.139433104371609,0.5710481227079566,1550
obm,1,x,20,400.0,5.409316463747678,0.601035162638631,1500
obm,1,x,21,420.0,5.763027369708412,0.6403363744120458,1450
obm,1,x,22,440.0,5.968608402014129,0.6631787113349034,1400
obm,1,x,23,460.0,6.160500814962603,0.6845000905514005,1350
obm,1,x,24,480.0,6.191272501624334,0.6879191668471484,1300
obm,1,x,25,500.0,6.2543865310270785,0.6949318367807866,1250
obm,1,y,1,20.0,2.8844428765248806,0.320493652947209,2450
obm,1,y,2,40.0,4.34232448391413,0.4824804982126812,2400
obm,1,y,3,60.0,5.154503624611025,0.5727226249567807,2350
obm,1,y,4,80.0,5.815149532243927,0.6461277258048809,2300
obm,1,y,5,100.0,6.4628179854582175,0.7180908872731354,2250
obm,1,y,6,120.0,7.200726747184605,0.8000807496871786,2200
obm,1,y,7,140.0,7.937333369138782,0.8819259299043093,2150
obm,1,y,8,160.0,8.590220306031874,0.9544689228924307,2100
obm,1,y,9,180.0,9.096628392792882,1.0107364880880982,2050
obm,1,y,10,200.0,9.90682629882016,1.1007584776466848,2000
obm,1,y,11,220.0,10.385708646928848,1.153967627436539,1950
obm,1,y,12,240.0,11.16133901315877,1.2401487792398636,1900
obm,1,y,13,260.0,11.979915528726847,1.3311017254140944,1850
obm,1,y,14,280.0,12.682719974799346,1.4091911083110387,1800
obm,1,y,15,300.0,13.050760623144926,1.4500845136827698,1750
obm,1,y,16,320.0,13.27775688093011,1.4753063201033458,1700
obm,1,y,17,340.0,13.347192942479285,1.4830214380532543,1650
obm,1,y,18,360.0,13.2652780183988,1.473919779822089,1600
obm,1,y,19,380.0,13.643366528258237,1.5159296142509155,1550
obm,1,y,20,400.0,13.961866236161384,1.5513184706845986,1500
obm,1,y,21,420.0,14.345559450484203,1.5939510500538006,1450
obm,1,y,22,440.0,14.676717626365711,1.6307464029295238,1400
obm,1,y,23,460.0,14.391108994919007,1.5990121105465567,1350
obm,1,y,24,480.0,13.656706266087374,1.5174118073430418,1300
obm,1,y,25,500.0,12.882496914472206,1.4313885460524676,1250
obm,2,x,1,20.0,1.2573925785905131,0.139710286510057,2450
obm,2,x,2,40.0,1.995249164594475,0.22169435162160833,2400
obm,2,x,3,60.0,2.592382258812129,0.2880424732013476,2350
obm,2,x,4,80.0,2.8324240903736664,0.31471378781929626,2300
obm,2,x,5,100.0,3.207413817832835,0.35637931309253723,2250
obm,2,x,6,120.0,3.5087351729381053,0.38985946365978946,2200
obm,2,x,7,140.0,3.666532725362466,0.407392525040274,2150
obm,2,x,8,160.0,3.8482288400570956,0.42758098222856616,2100
obm,2,x,9,180.0,3.9366163607010027,0.43740181785566695,2050
obm,2,x,10,200.0,3.98220535513261,0.4424672616814011,2000
obm,2,x,11,220.0,4.029285336693066,0.447698370743674,1950
obm,2,x,12,240.0,4.037898872897406,0.448655430321934,1900
obm,2,x,13,260.0,4.08485986692087,0.4538733185467633,1850
obm,2,x,14,280.0,4.140583232741917,0.46006480363799074,1800
obm,2,x,15,300.0,4.246475599804959,0.471830622200551,1750
obm,2,x,16,320.0,4.2830330316514695,0.4758925590723855,1700
obm,2,x,17,340.0,4.389884320729272,0.48776492452547465,1650
obm,2,x,18,360.0,4.504761561033872,0.5005290623370969,1600
obm,2,x,19,380.0,4.575683830601181,0.5084093145112424,1550
obm,2,x,20,400.0,4.5406383106964405,0.50451536785516,1500
obm,2,x,21,420.0,4.559655120651215,0.5066283467390238,1450
obm,2,x,22,440.0,4.55069631960806,0.5056329244008956,1400
obm,2,x,23,460.0,4.634401962052395,0.514933551339155,1350
obm,2,x,24,480.0,4.657668167984224,0.5175186853315804,1300
obm,2,x,25,500.0,4.786516411182574,0.5318351567980638,1250
obm,2,y,1,20.0,2.501043064247594,0.27789367380528823,2450
obm,2,y,2,40.0,3.6891935083195624,0.4099103898132847,2400
obm,2,y,3,60.0,4.3379238055110605,0.4819915339456734,2350
obm,2,y,4,80.0,5.083110563063478,0.5647900625626087,2300
obm,2,y,5,100.0,5.698904404754088,0.633211600528232,2250
obm,2,y,6,120.0,6.481577595140432,0.7201752883489368,2200
obm,2,y,7,140.0,7.228706330689875,0.803189592298875,2150
obm,2,y,8,160.0,8.196530369290558,0.9107255965878398,2100
obm,2,y,9,180.0,9.355645503979591,1.0395161671088435,2050
obm,2,y,10,200.0,10.143945375260104,1.1271050416955672,2000
obm,2,y,11,220.0,10.912217179284948,1.2124685754761053,1950
obm,2,y,12,240.0,11.8705387178815,1.3189487464312777,1900
obm,2,y,13,260.0,12.838676025859892,1.4265195584288768,1850
obm,2,y,14,280.0,13.548072728000779,1.5053414142223087,1800
obm,2,y,15,300.0,13.87725324807979,1.541917027564421,1750
obm,2,y,16,320.0,14.564950107987382,1.6183277897763757,1700
obm,2,y,17,340.0,15.181943438659838,1.6868826042955376,1650
obm,2,y,18,360.0,15.59337578024104,1.732597308915671,1600
obm,2,y,19,380.0,15.950592819094318,1.7722880910104797,1550
obm,2,y,20,400.0,15.986782726194816,1.776309191799424,1500
obm,2,y,21,420.0,15.923761335185173,1.7693068150205749,1450
obm,2,y,22,440.0,15.575202112797529,1.7305780125330588,1400
obm,2,y,23,460.0,14.535384772613341,1.6150427525125934,1350
obm,2,y,24,480.0,13.574330904145548,1.5082589893495053,1300
obm,2,y,25,500.0,12.612095863574858,1.401343984841651,1250
obm,3,x,1,20.0,1.9211044261046613,0.2134560473449624,2450
obm,3,x,2,40.0,3.161845082716049,0.35131612030178333,2400
obm,3,x,3,60.0,3.8869887492333395,0.43188763880370445,2350
obm,3,x,4,80.0,4.6098203478846695,0.5122022608760745,2300
obm,3,x,5,100.0,5.185575534789574,0.5761750594210638,2250
obm,3,x,6,120.0,5.746848069673197,0.6385386744081332,2200
obm,3,x,7,140.0,6.10334720291666,0.6781496892129624,2150
obm,3,x,8,160.0,6.341529965722281,0.7046144406358091,2100
obm,3,x,9,180.0,6.340967621881701,0.7045519579868558,2050
obm,3,x,10,200.0,6.185500152222073,0.6872777946913416,2000
obm,3,x,11,220.0,6.185035525845709,0.6872261695384123,1950
obm,3,x,12,240.0,6.319671376416361,0.7021857084907069,1900
obm,3,x,13,260.0,6.651450856194774,0.7390500951327529,1850
obm,3,x,14,280.0,6.923750133299377,0.7693055703665976,1800
obm,3,x,15,300.0,7.12175105418726,0.7913056726874734,1750
obm,3,x,16,320.0,7.474472925396414,0.8304969917107129,1700
obm,3,x,17,340.0,7.724225123409536,0.858247235934393,1650
obm,3,x,18,360.0,7.875685850890959,0.8750762056545512,1600
obm,3,x,19,380.0,7.995246306090018,0.8883607006766688,1550
obm,3,x,20,400.0,8.132022744963338,0.9035580827737044,1500
obm,3,x,21,420.0,8.24650941512579,0.9162788239028656,1450
obm,3,x,22,440.0,8.264212006522738,0.9182457785025266,1400
obm,3,x,23,460.0,8.14957513626614,0.9055083484740157,1350
obm,3,x,24,480.0,7.967626174124142,0.8852917971249048,1300
obm,3,x,25,500.0,7.785817022388144,0.8650907802653496,1250
obm,3,y,1,20.0,3.161644585730384,0.3512938428589316,2450
obm,3,y,2,40.0,5.141417449830014,0.5712686055366684,2400
obm,3,y,3,60.0,6.421387717971121,0.7134875242190136,2350
obm,3,y,4,80.0,6.892495210792828,0.7658328011992033,2300
obm,3,y,5,100.0,7.396552058585855,0.8218391176206508,2250
obm,3,y,6,120.0,8.075768128968164,0.8973075698853518,2200
obm,3,y,7,140.0,8.350729400025132,0.9278588222250149,2150
obm,3,y,8,160.0,8.57844416598548,0.9531604628872759,2100
obm,3,y,9,180.0,8.756772958468895,0.9729747731632108,2050
obm,3,y,10,200.0,8.92094221579715,0.991215801755239,2000
obm,3,y,11,220.0,8.903036137342072,0.9892262374824526,1950
obm,3,y,12,240.0,8.898476896690026,0.9887196551877808,1900
obm,3,y,13,260.0,9.177679779098632,1.019742197677626,1850
obm,3,y,14,280.0,9.570257436874364,1.063361937430485,1800
obm,3,y,15,300.0,9.940878443924523,1.1045420493249474,1750
obm,3,y,16,320.0,10.450424136069344,1.1611582373410385,1700
obm,3,y,17,340.0,10.669392590603618,1.1854880656226243,1650
obm,3,y,18,360.0,10.696949895542467,1.1885499883936077,1600
obm,3,y,19,380.0,10.727816462212925,1.1919796069125475,1550
obm,3,y,20,400.0,10.56218412273932,1.1735760136377025,1500
obm,3,y,21,420.0,10.024795233838596,1.1138661370931775,1450
obm,3,y,22,440.0,9.925482204518456,1.1028313560576064,1400
obm,3,y,23,460.0,10.267359642144038,1.1408177380160045,1350
obm,3,y,24,480.0,10.567894286083645,1.1742104762315162,1300
obm,3,y,25,500.0,10.645653804065667,1.1828504226739631,1250
obm,4,x,1,20.0,1.8903393686090384,0.2100377076232265,2450
obm,4,x,2,40.0,2.848050363255796,0.3164500403617551,2400
obm,4,x,3,60.0,3.3630197463929408,0.37366886071032673,2350
obm,4,x,4,80.0,3.7781571340115687,0.4197952371123965,2300
obm,4,x,5,100.0,4.03368618245024,0.44818735360558226,2250
obm,4,x,6,120.0,4.098834477590602,0.45542605306562245,2200
obm,4,x,7,140.0,4.152412882430563,0.4613792091589515,2150
obm,4,x,8,160.0,4.136796284993946,0.459644031665994,2100
obm,4,x,9,180.0,4.231164449169408,0.47012938324104536,2050
obm,4,x,10,200.0,4.175479489748342,0.4639421655275935,2000
obm,4,x,11,220.0,4.029261615822594,0.4476957350913993,1950
obm,4,x,12,240.0,4.0335650589624805,0.44817389544027564,1900
obm,4,x,13,260.0,4.08383249601177,0.45375916622352996,1850
obm,4,x,14,280.0,4.285019501451157,0.4761132779390175,1800
obm,4,x,15,300.0,4.327363945683004,0.48081821618700044,1750
obm,4,x,16,320.0,4.4451818636410785,0.49390909596011984,1700
obm,4,x,17,340.0,4.596614716828895,0.5107349685365439,1650
obm,4,x,18,360.0,4.786909774166891,0.5318788637963212,1600
obm,4,x,19,380.0,4.9018104770130435,0.5446456085570048,1550
obm,4,x,20,400.0,5.04181348536166,0.5602014983735177,1500
obm,4,x,21,420.0,4.95790321035481,0.5508781344838678,1450
obm,4,x,22,440.0,4.673325114735135,0.5192583460816818,1400
obm,4,x,23,460.0,4.744437860296946,0.5271597622552162,1350
obm,4,x,24,480.0,4.820928372537591,0.5356587080597324,1300
obm,4,x,25,500.0,4.810667333737209,0.5345185926374677,1250
obm,4,y,1,20.0,3.0831388240339503,0.3425709804482167,2450
obm,4,y,2,40.0,4.234048821010867,0.47044986900120744,2400
obm,4,y,3,60.0,4.754468531388495,0.5282742812653883,2350
obm,4,y,4,80.0,5.608355018777418,0.6231505576419354,2300
obm,4,y,5,100.0,6.346458065363055,0.7051620072625616,2250
obm,4,y,6,120.0,7.200342623487368,0.8000380692763742,2200
obm,4,y,7,140.0,8.204296506960043,0.9115885007733381,2150
obm,4,y,8,160.0,9.114577489287264,1.0127308321430293,2100
obm,4,y,9,180.0,9.532938376135974,1.0592153751262192,2050
obm,4,y,10,200.0,10.375389180836692,1.1528210200929658,2000
obm,4,y,11,220.0,11.063077580355815,1.2292308422617573,1950
obm,4,y,12,240.0,11.507005830765266,1.2785562034183628,1900
obm,4,y,13,260.0,12.3023575610761,1.3669286178973445,1850
obm,4,y,14,280.0,12.632978016265502,1.4036642240295003,1800
obm,4,y,15,300.0,13.159499362323546,1.4621665958137273,1750
obm,4,y,16,320.0,13.502524223651124,1.5002804692945693,1700
obm,4,y,17,340.0,13.978280183254448,1.5531422425838275,1650
obm,4,y,18,360.0,14.538407087266716,1.6153785652518573,1600
obm,4,y,19,380.0,14.546367236198778,1.6162630262443087,1550
obm,4,y,20,400.0,14.666755236048722,1.6296394706720803,1500
obm,4,y,21,420.0,14.187385897640942,1.5763762108489936,1450
obm,4,y,22,440.0,13.865972490607177,1.5406636100674642,1400
obm,4,y,23,460.0,13.425428161702374,1.4917142401891528,1350
obm,4,y,24,480.0,12.912479774802353,1.4347199749780393,1300
obm,4,y,25,500.0,12.338080853426533,1.3708978726029482,1250
obm,5,x,1,20.0,2.12879304915266,0.23653256101696218,2450
obm,5,x,2,40.0,3.2545069629309675,0.3616118847701074,2400
obm,5,x,3,60.0,3.948647330226293,0.43873859224736583,2350
obm,5,x,4,80.0,4.517544992248575,0.5019494435831748,2300
obm,5,x,5,100.0,4.9130599934322285,0.5458955548258031,2250
obm,5,x,6,120.0,5.367914296885036,0.596434921876115,2200
obm,5,x,7,140.0,5.718692587325329,0.6354102874805919,2150
obm,5,x,8,160.0,5.971305770050858,0.6634784188945396,2100
obm,5,x,9,180.0,6.244626295004955,0.6938473661116615,2050
obm,5,x,10,200.0,6.35954919585953,0.7066165773177254,2000
obm,5,x,11,220.0,6.274105213459815,0.6971228014955348,1950
obm,5,x,12,240.0,6.163689839462266,0.6848544266069183,1900
obm,5,x,13,260.0,6.133488707193262,0.6814987452436957,1850
obm,5,x,14,280.0,6.054775378663151,0.6727528198514611,1800
obm,5,x,15,300.0,6.036806923990554,0.6707563248878392,1750
obm,5,x,16,320.0,6.015557238232894,0.6683952486925436,1700
obm,5,x,17,340.0,6.056627205692448,0.6729585784102718,1650
obm,5,x,18,360.0,6.102458663431296,0.6780509626034772,1600
obm,5,x,19,380.0,6.170444344660608,0.6856049271845119,1550
obm,5,x,20,400.0,6.243082308519761,0.6936758120577511,1500
obm,5,x,21,420.0,6.541262142812802,0.7268069047569778,1450
obm,5,x,22,440.0,6.803940662380191,0.7559934069311322,1400
obm,5,x,23,460.0,6.836084967940445,0.759564996437827,1350
obm,5,x,24,480.0,7.014756424114264,0.7794173804571403,1300
obm,5,x,25,500.0,6.949927563965111,0.772214173773901,1250
obm,5,y,1,20.0,3.8588337964739052,0.4287593107193227,2450
obm,5,y,2,40.0,5.650745601128054,0.6278606223475613,2400
obm,5,y,3,60.0,6.434682666604267,0.7149647407338073,2350
obm,5,y,4,80.0,6.844186976583636,0.7604652196204038,2300
obm,5,y,5,100.0,7.395660369004931,0.8217400410005478,2250
obm,5,y,6,120.0,8.003133370011565,0.8892370411123959,2200
obm,5,y,7,140.0,8.618021027202557,0.9575578919113951,2150
obm,5,y,8,160.0,9.312163159303513,1.034684795478168,2100
obm,5,y,9,180.0,9.649297050796214,1.0721441167551347,2050
obm,5,y,10,200.0,9.582043254895204,1.0646714727661335,2000
obm,5,y,11,220.0,9.93742505746506,1.1041583397183397,1950
obm,5,y,12,240.0,10.626951336289487,1.1807723706988316,1900
obm,5,y,13,260.0,11.048437613417295,1.2276041792685881,1850
obm,5,y,14,280.0,11.71448194336012,1.301609104817791,1800
obm,5,y,15,300.0,11.872929805186665,1.319214422798518,1750
obm,5,y,16,320.0,11.8683853594068,1.318709484378533,1700
obm,5,y,17,340.0,10.875389920390091,1.208376657821121,1650
obm,5,y,18,360.0,10.63424491365001,1.1815827681833342,1600
obm,5,y,19,380.0,10.881729483748812,1.2090810537498677,1550
obm,5,y,20,400.0,10.856168750548076,1.2062409722831193,1500
obm,5,y,21,420.0,10.713694855712316,1.1904105395235904,1450
obm,5,y,22,440.0,10.316779360106146,1.1463088177895715,1400
obm,5,y,23,460.0,9.800782691875646,1.0889758546528494,1350
obm,5,y,24,480.0,9.845316529547643,1.0939240588386268,1300
obm,5,y,25,500.0,10.621926855073585,1.1802140950081759,1250
obm,6,x,1,20.0,1.8198449657837468,0.20220499619819415,2450
obm,6,x,2,40.0,2.6926295140663083,0.2991810571184788,2400
obm,6,x,3,60.0,3.4416411415133163,0.38240457127925753,2350
obm,6,x,4,80.0,3.9508922685460983,0.43898802983845553,2300
obm,6,x,5,100.0,4.374013326801236,0.48600148075569305,2250
obm,6,x,6,120.0,4.694521340416469,0.5216134822684968,2200
obm,6,x,7,140.0,4.832254866355545,0.5369172073728385,2150
obm,6,x,8,160.0,4.896856058279156,0.5440951175865731,2100
obm,6,x,9,180.0,5.118975643035801,0.5687750714484225,2050
obm,6,x,10,200.0,5.122202102592433,0.569133566954715,2000
obm,6,x,11,220.0,5.068440794024138,0.5631600882249044,1950
obm,6,x,12,240.0,5.193309246011616,0.5770343606679575,1900
obm,6,x,13,260.0,5.378595981748224,0.5976217757498029,1850
obm,6,x,14,280.0,5.550694538382745,0.6167438375980829,1800
obm,6,x,15,300.0,5.577613555241611,0.6197348394712904,1750
obm,6,x,16,320.0,5.738322810750199,0.637591423416689,1700
obm,6,x,17,340.0,5.8334024322251254,0.648155825802792,1650
obm,6,x,18,360.0,5.993808529743529,0.665978725527059,1600
obm,6,x,19,380.0,6.026615062993712,0.6696238958881905,1550
obm,6,x,20,400.0,6.167858125089058,0.6853175694543401,1500
obm,6,x,21,420.0,6.14257392966335,0.6825082144070392,1450
obm,6,x,22,440.0,6.088831371844284,0.6765368190938096,1400
obm,6,x,23,460.0,6.066853880257331,0.6740948755841482,1350
obm,6,x,24,480.0,6.194345756122001,0.6882606395691114,1300
obm,6,x,25,500.0,6.168877426858104,0.6854308252064563,1250
obm,6,y,1,20.0,3.053541864432067,0.3392824293813409,2450
obm,6,y,2,40.0,4.578028583519107,0.5086698426132342,2400
obm,6,y,3,60.0,5.511102516519765,0.6123447240577519,2350
obm,6,y,4,80.0,6.473836459951224,0.7193151622168029,2300
obm,6,y,5,100.0,7.344950340433423,0.8161055933814917,2250
obm,6,y,6,120.0,8.319016072747598,0.9243351191941779,2200
obm,6,y,7,140.0,8.868932871092868,0.9854369856769858,2150
obm,6,y,8,160.0,9.377514046399028,1.041946005155448,2100
obm,6,y,9,180.0,10.05436588845732,1.1171517653841472,2050
obm,6,y,10,200.0,10.600322271312754,1.1778135857014176,2000
obm,6,y,11,220.0,10.936995277816395,1.2152216975351555,1950
obm,6,y,12,240.0,11.243901103937569,1.2493223448819526,1900
obm,6,y,13,260.0,11.95877883921,1.3287532043566672,1850
obm,6,y,14,280.0,12.963421114977868,1.4403801238864302,1800
obm,6,y,15,300.0,13.326695979834872,1.4807439977594308,1750
obm,6,y,16,320.0,13.442806629683957,1.4936451810759959,1700
obm,6,y,17,340.0,13.553842529981013,1.5059825033312242,1650
obm,6,y,18,360.0,13.422884910780844,1.4914316567534278,1600
obm,6,y,19,380.0,12.99560225491205,1.4439558061013396,1550
obm,6,y,20,400.0,12.351706784854777,1.3724118649838646,1500
obm,6,y,21,420.0,11.860467114072629,1.3178296793414037,1450
obm,6,y,22,440.0,11.520223851213483,1.2800248723570542,1400
obm,6,y,23,460.0,11.22683293868449,1.2474258820760549,1350
obm,6,y,24,480.0,11.159291386709787,1.239921265189977,1300
obm,6,y,25,500.0,11.268925218360495,1.2521028020400555,1250
obm,7,x,1,20.0,1.4802280583534049,0.16446978426148948,2450
obm,7,x,2,40.0,2.134397353471906,0.23715526149687846,2400
obm,7,x,3,60.0,2.6105714471246273,0.29006349412495863,2350
obm,7,x,4,80.0,3.054441066560441,0.33938234072893797,2300
obm,7,x,5,100.0,3.298721206482733,0.3665245784980815,2250
obm,7,x,6,120.0,3.3833123784475845,0.37592359760528726,2200
obm,7,x,7,140.0,3.5813616228355993,0.39792906920395554,2150
obm,7,x,8,160.0,3.7243259384596668,0.41381399316218526,2100
obm,7,x,9,180.0,3.7689266351026007,0.4187696261225113,2050
obm,7,x,10,200.0,3.805635803376285,0.4228484225973651,2000
obm,7,x,11,220.0,3.8683884363107106,0.4298209373678568,1950
obm,7,x,12,240.0,3.89881961794075,0.4332021797711946,1900
obm,7,x,13,260.0,3.989279758334279,0.4432533064815867,1850
obm,7,x,14,280.0,4.170703677706907,0.463411519745212,1800
obm,7,x,15,300.0,4.173500354606984,0.46372226162299834,1750
obm,7,x,16,320.0,4.32884032001388,0.4809822577793201,1700
obm,7,x,17,340.0,4.525708350778516,0.5028564834198352,1650
obm,7,x,18,360.0,4.556169561215516,0.5062410623572797,1600
obm,7,x,19,380.0,4.601582287357828,0.5112869208175366,1550
obm,7,x,20,400.0,4.745257217511895,0.5272508019457662,1500
obm,7,x,21,420.0,4.792558643249881,0.5325065159166535,1450
obm,7,x,22,440.0,4.796948847162213,0.5329943163513571,1400
obm,7,x,23,460.0,4.691621141125697,0.5212912379028554,1350
obm,7,x,24,480.0,4.585271775090782,0.5094746416767537,1300
obm,7,x,25,500.0,4.405503983197021,0.4895004425774469,1250
obm,7,y,1,20.0,2.490850753644454,0.27676119484938383,2450
obm,7,y,2,40.0,3.526900542150285,0.3918778380166984,2400
obm,7,y,3,60.0,3.9938881858019175,0.44376535397799094,2350
obm,7,y,4,80.0,4.700820243294258,0.5223133603660287,2300
obm,7,y,5,100.0,5.380931209080082,0.5978812454533425,2250
obm,7,y,6,120.0,6.187366052836738,0.6874851169818599,2200
obm,7,y,7,140.0,6.857710567167383,0.761967840796376,2150
obm,7,y,8,160.0,7.681354428280278,0.8534838253644754,2100
obm,7,y,9,180.0,8.563157905650412,0.9514619895167126,2050
obm,7,y,10,200.0,9.556544399543302,1.0618382666159227,2000
obm,7,y,11,220.0,10.584796407166515,1.1760884896851684,1950
obm,7,y,12,240.0,11.629245381032478,1.2921383756702756,1900
obm,7,y,13,260.0,12.545801321251108,1.3939779245834567,1850
obm,7,y,14,280.0,13.222882017587281,1.4692091130652538,1800
obm,7,y,15,300.0,13.904500651322097,1.5449445168135667,1750
obm,7,y,16,320.0,14.44605122284127,1.6051168025379192,1700
obm,7,y,17,340.0,15.193121387103359,1.6881245985670401,1650
obm,7,y,18,360.0,15.725620585696433,1.7472911761884928,1600
obm,7,y,19,380.0,15.769803607545027,1.7522004008383367,1550
obm,7,y,20,400.0,16.015192651619294,1.7794658501799219,1500
obm,7,y,21,420.0,15.839963280406026,1.7599959200451143,1450
obm,7,y,22,440.0,15.48628006520373,1.720697785022637,1400
obm,7,y,23,460.0,14.852535196814467,1.650281688534941,1350
obm,7,y,24,480.0,14.012154199448933,1.5569060221609927,1300
obm,7,y,25,500.0,13.336654427185154,1.481850491909462,1250
obm,8,x,1,20.0,1.496599936589376,0.16628888184326399,2450
obm,8,x,2,40.0,2.145930712909962,0.23843674587888464,2400
obm,8,x,3,60.0,2.67614284382034,0.2973492048689266,2350
obm,8,x,4,80.0,2.992618849639096,0.33251320551545505,2300
obm,8,x,5,100.0,3.1596277779089124,0.3510697531009902,2250
obm,8,x,6,120.0,3.1617594658932475,0.3513066073214719,2200
obm,8,x,7,140.0,3.346277973351135,0.3718086637056816,2150
obm,8,x,8,160.0,3.4203090572341397,0.38003433969268213,2100
obm,8,x,9,180.0,3.462865140626882,0.3847627934029868,2050
obm,8,x,10,200.0,3.686997921375881,0.40966643570843114,2000
obm,8,x,11,220.0,3.7825137206404302,0.42027930229338106,1950
obm,8,x,12,240.0,3.934939343373202,0.43721548259702236,1900
obm,8,x,13,260.0,4.085708109976454,0.45396756777516145,1850
obm,8,x,14,280.0,4.1807056255078585,0.46452284727865084,1800
obm,8,x,15,300.0,4.187882518862091,0.4653202798735656,1750
obm,8,x,16,320.0,4.123517853884313,0.4581686504315903,1700
obm,8,x,17,340.0,4.029467572789992,0.4477186191988879,1650
obm,8,x,18,360.0,4.088042401323517,0.4542269334803907,1600
obm,8,x,19,380.0,4.25407306768689,0.47267478529854323,1550
obm,8,x,20,400.0,4.398368498863843,0.48870761098487137,1500
obm,8,x,21,420.0,4.3603151789131305,0.48447946432368105,1450
obm,8,x,22,440.0,4.273885635622433,0.4748761817358258,1400
obm,8,x,23,460.0,4.3923476693690935,0.48803862992989916,1350
obm,8,x,24,480.0,4.3498428478097955,0.48331587197886605,1300
obm,8,x,25,500.0,4.43596252709308,0.4928847252325644,1250
obm,8,y,1,20.0,2.5323229591391923,0.2813692176821324,2450
obm,8,y,2,40.0,3.8087755369051366,0.42319728187834843,2400
obm,8,y,3,60.0,4.3957976500950275,0.48842196112166963,2350
obm,8,y,4,80.0,5.172113301427432,0.574679255714159,2300
obm,8,y,5,100.0,6.015222914909087,0.6683581016565651,2250
obm,8,y,6,120.0,6.800732729929386,0.7556369699921539,2200
obm,8,y,7,140.0,7.812271782075291,0.8680301980083655,2150
obm,8,y,8,160.0,8.815844401092585,0.9795382667880648,2100
obm,8,y,9,180.0,9.55482794762123,1.061647549735692,2050
obm,8,y,10,200.0,10.27517942568787,1.1416866028542076,2000
obm,8,y,11,220.0,11.150388753165666,1.2389320836850737,1950
obm,8,y,12,240.0,11.824137636458017,1.3137930707175571,1900
obm,8,y,13,260.0,12.421136043170845,1.3801262270189825,1850
obm,8,y,14,280.0,13.039616469500539,1.4488462743889485,1800
obm,8,y,15,300.0,13.79123327535225,1.5323592528169163,1750
obm,8,y,16,320.0,14.338528811620884,1.5931698679578756,1700
obm,8,y,17,340.0,14.858730719926719,1.6509700799918574,1650
obm,8,y,18,360.0,15.145488390018773,1.682832043335419,1600
obm,8,y,19,380.0,15.052503224407372,1.6725003582674856,1550
obm,8,y,20,400.0,14.77457614091666,1.6416195712129618,1500
obm,8,y,21,420.0,14.658564582920858,1.6287293981023172,1450
obm,8,y,22,440.0,14.472421536425104,1.6080468373805668,1400
obm,8,y,23,460.0,14.210266067877056,1.5789184519863393,1350
obm,8,y,24,480.0,13.784949592869273,1.5316610658743635,1300
obm,8,y,25,500.0,13.30082132843039,1.4778690364922653,1250
obm,9,x,1,20.0,2.120865657597475,0.2356517397330528,2450
obm,9,x,2,40.0,3.2415822882923915,0.3601758098102658,2400
obm,9,x,3,60.0,4.136015080400734,0.4595572311556372,2350
obm,9,x,4,80.0,4.656221529087299,0.5173579476763667,2300
obm,9,x,5,100.0,5.027685777585749,0.5586317530650833,2250
obm,9,x,6,120.0,5.28420206131928,0.587133562368809,2200
obm,9,x,7,140.0,5.2903465562163525,0.5878162840240393,2150
obm,9,x,8,160.0,5.272534101141795,0.5858371223490885,2100
obm,9,x,9,180.0,5.442132275446436,0.604681363938493,2050
obm,9,x,10,200.0,5.72369191456618,0.6359657682851312,2000
obm,9,x,11,220.0,5.744622309302537,0.638291367700282,1950
obm,9,x,12,240.0,5.9596195517227875,0.662179950191421,1900
obm,9,x,13,260.0,6.140631817243501,0.6822924241381669,1850
obm,9,x,14,280.0,6.36156347621052,0.7068403862456135,1800
obm,9,x,15,300.0,6.373715983828931,0.7081906648698814,1750
obm,9,x,16,320.0,6.444239626209484,0.7160266251343872,1700
obm,9,x,17,340.0,6.561991988888773,0.7291102209876417,1650
obm,9,x,18,360.0,6.651036200303123,0.7390040222559027,1600
obm,9,x,19,380.0,6.640267489460459,0.73780749882894,1550
obm,9,x,20,400.0,6.516118214223879,0.7240131349137645,1500
obm,9,x,21,420.0,6.611109296864746,0.7345676996516386,1450
obm,9,x,22,440.0,6.536772239292514,0.7263080265880573,1400
obm,9,x,23,460.0,6.617448191430975,0.7352720212701085,1350
obm,9,x,24,480.0,6.705026697495615,0.7450029663884018,1300
obm,9,x,25,500.0,6.68505386635991,0.742783762928879,1250
obm,9,y,1,20.0,4.076279429877456,0.45291993665305075,2450
obm,9,y,2,40.0,5.891305213306046,0.6545894681451163,2400
obm,9,y,3,60.0,6.525803108715866,0.7250892343017631,2350
obm,9,y,4,80.0,6.906314990152813,0.7673683322392016,2300
obm,9,y,5,100.0,7.251863555894403,0.8057626173216005,2250
obm,9,y,6,120.0,7.405632459532606,0.8228480510591787,2200
obm,9,y,7,140.0,7.805389547150712,0.8672655052389682,2150
obm,9,y,8,160.0,8.251916372054843,0.9168795968949828,2100
obm,9,y,9,180.0,8.6389786513085,0.9598865168120557,2050
obm,9,y,10,200.0,8.90169460811174,0.9890771786790824,2000
obm,9,y,11,220.0,9.791654283243227,1.0879615870270254,1950
obm,9,y,12,240.0,10.152949568278139,1.12810550758646,1900
obm,9,y,13,260.0,10.05202327628715,1.1168914751430168,1850
obm,9,y,14,280.0,10.692239977898625,1.1880266642109585,1800
obm,9,y,15,300.0,11.350205428279075,1.261133936475453,1750
obm,9,y,16,320.0,11.437334973608642,1.2708149970676272,1700
obm,9,y,17,340.0,11.429805246758985,1.2699783607509985,1650
obm,9,y,18,360.0,11.555607467127214,1.2839563852363574,1600
obm,9,y,19,380.0,11.822637301793167,1.3136263668659076,1550
obm,9,y,20,400.0,11.541382265744195,1.2823758073049107,1500
obm,9,y,21,420.0,11.33510257358173,1.2594558415090815,1450
obm,9,y,22,440.0,11.28190758692261,1.253545287435846,1400
obm,9,y,23,460.0,11.294269694467602,1.2549188549408448,1350
obm,9,y,24,480.0,11.023127839972036,1.2247919822191153,1300
obm,9,y,25,500.0,10.444277414110093,1.160475268234455,1250
obm,10,x,1,20.0,1.6449063519335743,0.18276737243706387,2450
obm,10,x,2,40.0,2.555412288070602,0.28393469867451143,2400
obm,10,x,3,60.0,3.1385821949897257,0.34873135499885854,2350
obm,10,x,4,80.0,3.5253606956313477,0.39170674395903876,2300
obm,10,x,5,100.0,3.747592658830936,0.41639918431454864,2250
obm,10,x,6,120.0,3.9229185859559594,0.43587984288399567,2200
obm,10,x,7,140.0,4.1353021625178155,0.45947801805753524,2150
obm,10,x,8,160.0,4.252404803030267,0.4724894225589187,2100
obm,10,x,9,180.0,4.438175640795107,0.49313062675501207,2050
obm,10,x,10,200.0,4.660892819635002,0.5178769799594449,2000
obm,10,x,11,220.0,4.922335447982962,0.546926160886996,1950
obm,10,x,12,240.0,5.057910430264388,0.5619900478071544,1900
obm,10,x,13,260.0,5.2000380433310776,0.5777820048145644,1850
obm,10,x,14,280.0,5.267625053600172,0.5852916726222416,1800
obm,10,x,15,300.0,5.288740957005245,0.587637884111694,1750
obm,10,x,16,320.0,5.283204430087896,0.587022714454211,1700
obm,10,x,17,340.0,5.270442794920608,0.5856047549911788,1650
obm,10,x,18,360.0,5.276113013610163,0.5862347792900183,1600
obm,10,x,19,380.0,5.379521675295513,0.5977246305883906,1550
obm,10,x,20,400.0,5.54650961623891,0.616278846248768,1500
obm,10,x,21,420.0,5.57272682930256,0.619191869922507,1450
obm,10,x,22,440.0,5.544453839406733,0.6160504266007484,1400
obm,10,x,23,460.0,5.604855999868702,0.6227617777631894,1350
obm,10,x,24,480.0,5.856858304850469,0.6507620338722746,1300
obm,10,x,25,500.0,6.286653963786771,0.6985171070874192,1250
obm,10,y,1,20.0,2.6080054200457137,0.28977838000507944,2450
obm,10,y,2,40.0,4.028383563886931,0.4475981737652147,2400
obm,10,y,3,60.0,5.261253676561721,0.5845837418401915,2350
obm,10,y,4,80.0,5.955619264643969,0.6617354738493302,2300
obm,10,y,5,100.0,6.8359773277271225,0.759553036414125,2250
obm,10,y,6,120.0,7.5888569055336585,0.8432063228370735,2200
obm,10,y,7,140.0,8.260083759204482,0.9177870843560539,2150
obm,10,y,8,160.0,9.039066897994056,1.0043407664437844,2100
obm,10,y,9,180.0,9.788350199019817,1.087594466557758,2050
obm,10,y,10,200.0,10.593378745317972,1.1770420828131085,2000
obm,10,y,11,220.0,11.297081409240942,1.2552312676934385,1950
obm,10,y,12,240.0,12.106017379501703,1.3451130421668565,1900
obm,10,y,13,260.0,12.675611356996768,1.4084012618885304,1850
obm,10,y,14,280.0,12.893843024330316,1.4326492249255913,1800
obm,10,y,15,300.0,13.14360468405627,1.4604005204506971,1750
obm,10,y,16,320.0,13.412624718242578,1.490291635360287,1700
obm,10,y,17,340.0,13.590394066392795,1.5100437851547557,1650
obm,10,y,18,360.0,13.825771211323495,1.5361968012581668,1600
obm,10,y,19,380.0,14.091640504175851,1.5657378337973173,1550
obm,10,y,20,400.0,14.424185449626535,1.6026872721807268,1500
obm,10,y,21,420.0,14.642548967961469,1.6269498853290527,1450
obm,10,y,22,440.0,14.269157955052938,1.5854619950058826,1400
obm,10,y,23,460.0,13.75160828704126,1.5279564763379183,1350
obm,10,y,24,480.0,12.712527619873503,1.4125030688748343,1300
obm,10,y,25,500.0,11.793299711548645,1.3103666346165166,1250
obm,11,x,1,20.0,1.8972240005253098,0.21080266672503442,2450
obm,11,x,2,40.0,3.0075168693132937,0.3341685410348104,2400
obm,11,x,3,60.0,4.008734465793527,0.4454149406437252,2350
obm,11,x,4,80.0,4.622991927933211,0.5136657697703568,2300
obm,11,x,5,100.0,5.169545974471234,0.5743939971634704,2250
obm,11,x,6,120.0,5.732692862003175,0.6369658735559083,2200
obm,11,x,7,140.0,6.199615950666193,0.6888462167406881,2150
obm,11,x,8,160.0,6.587501275346739,0.7319445861496376,2100
obm,11,x,9,180.0,6.686616303707187,0.7429573670785764,2050
obm,11,x,10,200.0,6.831536182811682,0.7590595758679647,2000
obm,11,x,11,220.0,6.885519033930715,0.7650576704367461,1950
obm,11,x,12,240.0,7.086579677924341,0.7873977419915934,1900
obm,11,x,13,260.0,7.343531529955227,0.815947947772803,1850
obm,11,x,14,280.0,7.449704105603944,0.8277449006226605,1800
obm,11,x,15,300.0,7.472248842238709,0.8302498713598566,1750
obm,11,x,16,320.0,7.480759643107028,0.8311955159007809,1700
obm,11,x,17,340.0,7.4231206790405695,0.8247911865600632,1650
obm,11,x,18,360.0,7.484409811405328,0.8316010901561476,1600
obm,11,x,19,380.0,7.496415383668805,0.8329350426298672,1550
obm,11,x,20,400.0,7.542336321355873,0.8380373690395415,1500
obm,11,x,21,420.0,7.659641874616299,0.851071319401811,1450
obm,11,x,22,440.0,7.747638356123597,0.8608487062359552,1400
obm,11,x,23,460.0,7.705831771638437,0.8562035301820485,1350
obm,11,x,24,480.0,7.563448233594095,0.8403831370660106,1300
obm,11,x,25,500.0,7.339617747922693,0.8155130831025215,1250
obm,11,y,1,20.0,3.746556946937396,0.4162841052152662,2450
obm,11,y,2,40.0,5.340296015364901,0.5933662239294334,2400
obm,11,y,3,60.0,6.217014698577322,0.6907794109530357,2350
obm,11,y,4,80.0,7.245628714270133,0.8050698571411259,2300
obm,11,y,5,100.0,8.291775077984497,0.9213083419982774,2250
obm,11,y,6,120.0,8.837317056386789,0.9819241173763099,2200
obm,11,y,7,140.0,9.357469973365173,1.0397188859294637,2150
obm,11,y,8,160.0,10.137054661665074,1.1263394068516748,2100
obm,11,y,9,180.0,10.254462776978798,1.1393847529976442,2050
obm,11,y,10,200.0,10.604571142341454,1.1782856824823837,2000
obm,11,y,11,220.0,10.605484721981489,1.1783871913312765,1950
obm,11,y,12,240.0,10.477323836197163,1.164147092910796,1900
obm,11,y,13,260.0,10.672869890391304,1.1858744322657004,1850
obm,11,y,14,280.0,10.595807906440156,1.1773119896044617,1800
obm,11,y,15,300.0,10.650658031496643,1.1834064479440716,1750
obm,11,y,16,320.0,10.577375192762036,1.175263910306893,1700
obm,11,y,17,340.0,10.489559130399552,1.1655065700443947,1650
obm,11,y,18,360.0,10.268413342098631,1.1409348157887367,1600
obm,11,y,19,380.0,10.253839572737101,1.1393155080819002,1550
obm,11,y,20,400.0,10.049990868207649,1.1166656520230722,1500
obm,11,y,21,420.0,9.84830488520075,1.0942560983556389,1450
obm,11,y,22,440.0,9.77975770080067,1.086639744533408,1400
obm,11,y,23,460.0,9.797508235143674,1.0886120261270749,1350
obm,11,y,24,480.0,9.575026495818475,1.0638918328687195,1300
obm,11,y,25,500.0,9.510687672885862,1.0567430747650957,1250
obm,12,x,1,20.0,2.312287363875566,0.2569208182083962,2450
obm,12,x,2,40.0,3.3800518180905534,0.3755613131211725,2400
obm,12,x,3,60.0,4.253212919312305,0.4725792132569227,2350
obm,12,x,4,80.0,4.909636445706961,0.5455151606341067,2300
obm,12,x,5,100.0,5.300881227985037,0.5889868031094484,2250
obm,12,x,6,120.0,5.716428757623643,0.6351587508470714,2200
obm,12,x,7,140.0,6.145918702620077,0.6828798558466751,2150
obm,12,x,8,160.0,6.533582696431754,0.7259536329368614,2100
obm,12,x,9,180.0,6.722427972622235,0.7469364414024704,2050
obm,12,x,10,200.0,7.02562329673435,0.780624810748261,2000
obm,12,x,11,220.0,7.207187721736643,0.8007986357485157,1950
obm,12,x,12,240.0,7.382594948255291,0.8202883275839211,1900
obm,12,x,13,260.0,7.502240515170608,0.8335822794634007,1850
obm,12,x,14,280.0,7.528116343255159,0.8364573714727953,1800
obm,12,x,15,300.0,7.668824771359739,0.8520916412621931,1750
obm,12,x,16,320.0,7.647790399710131,0.849754488856681,1700
obm,12,x,17,340.0,7.5865054944372705,0.8429450549374743,1650
obm,12,x,18,360.0,7.467143032809313,0.8296825592010346,1600
obm,12,x,19,380.0,7.465513253037901,0.8295014725597667,1550
obm,12,x,20,400.0,7.2783598558334415,0.80870665064816,1500
obm,12,x,21,420.0,7.0889044614594425,0.7876560512732712,1450
obm,12,x,22,440.0,6.719666683838223,0.7466296315375801,1400
obm,12,x,23,460.0,6.510116581438931,0.7233462868265477,1350
obm,12,x,24,480.0,6.270407172269764,0.6967119080299736,1300
obm,12,x,25,500.0,6.241762146876063,0.6935291274306735,1250
obm,12,y,1,20.0,4.423270790075075,0.4914745322305638,2450
obm,12,y,2,40.0,6.426999426760537,0.7141110474178373,2400
obm,12,y,3,60.0,7.609599666144718,0.8455110740160796,2350
obm,12,y,4,80.0,8.102857436096839,0.9003174928996486,2300
obm,12,y,5,100.0,8.12701233215617,0.9030013702395743,2250
obm,12,y,6,120.0,8.358163905040348,0.9286848783378162,2200
obm,12,y,7,140.0,8.370460754150722,0.9300511949056356,2150
obm,12,y,8,160.0,8.78868837948861,0.9765209310542898,2100
obm,12,y,9,180.0,9.194170424948435,1.021574491660937,2050
obm,12,y,10,200.0,9.53264464243571,1.059182738048412,2000
obm,12,y,11,220.0,9.814149828569148,1.0904610920632385,1950
obm,12,y,12,240.0,10.26787027278035,1.140874474753372,1900
obm,12,y,13,260.0,10.690056831398271,1.1877840923775855,1850
obm,12,y,14,280.0,10.745839271373123,1.1939821412636802,1800
obm,12,y,15,300.0,11.20939013619857,1.245487792910952,1750
obm,12,y,16,320.0,11.65832691142043,1.295369656824492,1700
obm,12,y,17,340.0,11.73239373058733,1.303599303398592,1650
obm,12,y,18,360.0,11.583308489450387,1.2870342766055982,1600
obm,12,y,19,380.0,11.332632987482766,1.2591814430536403,1550
obm,12,y,20,400.0,11.549148793138544,1.2832387547931714,1500
obm,12,y,21,420.0,11.572957234016753,1.2858841371129723,1450
obm,12,y,22,440.0,11.74698043018791,1.3052200477986564,1400
obm,12,y,23,460.0,11.760406619461328,1.306711846606814,1350
obm,12,y,24,480.0,10.29097095036274,1.1434412167069707,1300
obm,12,y,25,500.0,9.540269850058461,1.0600299833398288,1250
obm,13,x,1,20.0,1.8610674029045935,0.20678526698939928,2450
obm,13,x,2,40.0,2.8920461690111114,0.3213384632234568,2400
obm,13,x,3,60.0,3.4561676864751862,0.3840186318305763,2350
obm,13,x,4,80.0,3.814833978851223,0.4238704420945803,2300
obm,13,x,5,100.0,4.243879664716254,0.47154218496847267,2250
obm,13,x,6,120.0,4.5142815812815025,0.5015868423646114,2200
obm,13,x,7,140.0,4.748210490143763,0.527578943349307,2150
obm,13,x,8,160.0,4.946807990283347,0.5496453322537052,2100
obm,13,x,9,180.0,4.961303901449066,0.5512559890498961,2050
obm,13,x,10,200.0,5.09761796273785,0.5664019958597611,2000
obm,13,x,11,220.0,5.326943806089123,0.5918826451210137,1950
obm,13,x,12,240.0,5.473069638388298,0.6081188487098109,1900
obm,13,x,13,260.0,5.47988026202801,0.6088755846697789,1850
obm,13,x,14,280.0,5.375071870799695,0.5972302078666327,1800
obm,13,x,15,300.0,5.471211675199099,0.6079124083554555,1750
obm,13,x,16,320.0,5.825043611140518,0.647227067904502,1700
obm,13,x,17,340.0,5.952017188640726,0.6613352431823029,1650
obm,13,x,18,360.0,5.985759910011783,0.6650844344457537,1600
obm,13,x,19,380.0,6.073032545931381,0.6747813939923757,1550
obm,13,x,20,400.0,5.925985102694384,0.6584427891882649,1500
obm,13,x,21,420.0,5.811085631229598,0.6456761812477331,1450
obm,13,x,22,440.0,5.685553241390631,0.6317281379322923,1400
obm,13,x,23,460.0,5.452083980787728,0.6057871089764143,1350
obm,13,x,24,480.0,5.449921859978961,0.6055468733309957,1300
obm,13,x,25,500.0,5.412397627638435,0.6013775141820483,1250
obm,13,y,1,20.0,2.9965657612995957,0.33295175125551063,2450
obm,13,y,2,40.0,4.928975411425578,0.547663934602842,2400
obm,13,y,3,60.0,5.782220101087434,0.642468900120826,2350
obm,13,y,4,80.0,6.427707945873958,0.7141897717637731,2300
obm,13,y,5,100.0,7.137203493032154,0.793022610336906,2250
obm,13,y,6,120.0,7.783800261760013,0.8648666957511125,2200
obm,13,y,7,140.0,8.06761943629424,0.896402159588249,2150
obm,13,y,8,160.0,8.525521501431351,0.9472801668257057,2100
obm,13,y,9,180.0,8.957994077390335,0.9953326752655928,2050
obm,13,y,10,200.0,9.68495358004596,1.07610595333844,2000
obm,13,y,11,220.0,10.425319496480196,1.158368832942244,1950
obm,13,y,12,240.0,10.99682764457367,1.2218697382859633,1900
obm,13,y,13,260.0,11.76829114810205,1.3075879053446722,1850
obm,13,y,14,280.0,12.465175124782926,1.385019458309214,1800
obm,13,y,15,300.0,13.273897394859894,1.474877488317766,1750
obm,13,y,16,320.0,14.185373567762584,1.576152618640287,1700
obm,13,y,17,340.0,14.760761882361088,1.6400846535956763,1650
obm,13,y,18,360.0,14.704166056169347,1.6337962284632608,1600
obm,13,y,19,380.0,14.082962695495734,1.5647736328328594,1550
obm,13,y,20,400.0,13.760070427557167,1.5288967141730185,1500
obm,13,y,21,420.0,13.462932032100653,1.4958813369000725,1450
obm,13,y,22,440.0,13.246112276499511,1.4717902529443903,1400
obm,13,y,23,460.0,12.605914357047176,1.4006571507830197,1350
obm,13,y,24,480.0,12.152568449456705,1.3502853832729673,1300
obm,13,y,25,500.0,11.685859764631768,1.2984288627368632,1250
obm,14,x,1,20.0,1.8437359563851874,0.20485955070946527,2450
obm,14,x,2,40.0,2.873888066226537,0.319320896247393,2400
obm,14,x,3,60.0,3.495277721840615,0.3883641913156239,2350
obm,14,x,4,80.0,3.9601737170768287,0.44001930189742544,2300
obm,14,x,5,100.0,4.357446813063835,0.4841607570070928,2250
obm,14,x,6,120.0,4.830053189022082,0.5366725765580092,2200
obm,14,x,7,140.0,5.098956241583862,0.566550693509318,2150
obm,14,x,8,160.0,5.195927988495933,0.5773253320551037,2100
obm,14,x,9,180.0,5.270788243065578,0.5856431381183975,2050
obm,14,x,10,200.0,5.3009064193591575,0.5889896021510175,2000
obm,14,x,11,220.0,5.317917232089416,0.5908796924543795,1950
obm,14,x,12,240.0,5.258625879847892,0.5842917644275435,1900
obm,14,x,13,260.0,5.249022079634577,0.583224675514953,1850
obm,14,x,14,280.0,5.306121950889272,0.5895691056543636,1800
obm,14,x,15,300.0,5.386157318356118,0.5984619242617909,1750
obm,14,x,16,320.0,5.401375913230612,0.6001528792478458,1700
obm,14,x,17,340.0,5.396453819373581,0.5996059799303979,1650
obm,14,x,18,360.0,5.406469419845202,0.6007188244272447,1600
obm,14,x,19,380.0,5.490481161075506,0.6100534623417229,1550
obm,14,x,20,400.0,5.553480919928491,0.6170534355476102,1500
obm,14,x,21,420.0,5.614637493777953,0.6238486104197726,1450
obm,14,x,22,440.0,5.549305012614087,0.6165894458460097,1400
obm,14,x,23,460.0,5.4054312370035476,0.600603470778172,1350
obm,14,x,24,480.0,5.481819678266416,0.6090910753629352,1300
obm,14,x,25,500.0,5.573198952975615,0.6192443281084017,1250
obm,14,y,1,20.0,3.4956544814702966,0.3884060534966996,2450
obm,14,y,2,40.0,4.947594383984457,0.5497327093316063,2400
obm,14,y,3,60.0,5.679860530393955,0.6310956144882173,2350
obm,14,y,4,80.0,6.506128829947958,0.7229032033275509,2300
obm,14,y,5,100.0,6.821149681453743,0.757905520161527,2250
obm,14,y,6,120.0,7.152550871521936,0.7947278746135484,2200
obm,14,y,7,140.0,7.4961007568838065,0.8329000840982007,2150
obm,14,y,8,160.0,8.039878016143295,0.8933197795714771,2100
obm,14,y,9,180.0,8.634710420475004,0.9594122689416671,2050
obm,14,y,10,200.0,9.118104228295,1.0131226920327778,2000
obm,14,y,11,220.0,9.973161639532357,1.1081290710591507,1950
obm,14,y,12,240.0,10.779835144697962,1.197759460521996,1900
obm,14,y,13,260.0,11.25295281582777,1.25032809064753,1850
obm,14,y,14,280.0,11.897362342422909,1.321929149158101,1800
obm,14,y,15,300.0,12.460299886373171,1.3844777651525746,1750
obm,14,y,16,320.0,13.002982125937155,1.444775791770795,1700
obm,14,y,17,340.0,13.205585624107655,1.4672872915675172,1650
obm,14,y,18,360.0,13.21996930808276,1.4688854786758623,1600
obm,14,y,19,380.0,13.304416369529283,1.4782684855032537,1550
obm,14,y,20,400.0,13.143112589110878,1.460345843234542,1500
obm,14,y,21,420.0,12.822498266016453,1.4247220295573837,1450
obm,14,y,22,440.0,13.054633529339673,1.450514836593297,1400
obm,14,y,23,460.0,12.585024765686104,1.3983360850762336,1350
obm,14,y,24,480.0,11.846095486445027,1.3162328318272252,1300
obm,14,y,25,500.0,11.606233007181627,1.289581445242403,1250
obm,15,x,1,20.0,2.8845542173996197,0.3205060241555133,2450
obm,15,x,2,40.0,4.274576744180332,0.47495297157559246,2400
obm,15,x,3,60.0,5.131481592417602,0.5701646213797336,2350
obm,15,x,4,80.0,5.6340886544460735,0.6260098504940081,2300
obm,15,x,5,100.0,5.8848112197029945,0.6538679133003327,2250
obm,15,x,6,120.0,6.079350827802538,0.6754834253113932,2200
obm,15,x,7,140.0,6.170897021284543,0.6856552245871714,2150
obm,15,x,8,160.0,6.4501773297261185,0.7166863699695687,2100
obm,15,x,9,180.0,6.519242077906301,0.7243602308784779,2050
obm,15,x,10,200.0,6.664963923074097,0.740551547008233,2000
obm,15,x,11,220.0,6.562802662220248,0.7292002958022498,1950
obm,15,x,12,240.0,6.508246587008072,0.7231385096675635,1900
obm,15,x,13,260.0,6.495792010775489,0.7217546678639432,1850
obm,15,x,14,280.0,6.4553173429117106,0.7172574825457456,1800
obm,15,x,15,300.0,6.544892153484329,0.7272102392760366,1750
obm,15,x,16,320.0,6.434661017619354,0.7149623352910394,1700
obm,15,x,17,340.0,6.462456858118679,0.7180507620131865,1650
obm,15,x,18,360.0,6.505094529344142,0.722788281038238,1600
obm,15,x,19,380.0,6.732091450609903,0.7480101611788781,1550
obm,15,x,20,400.0,6.875694310105326,0.7639660344561473,1500
obm,15,x,21,420.0,6.743483761679095,0.7492759735198995,1450
obm,15,x,22,440.0,6.671834839156527,0.741314982128503,1400
obm,15,x,23,460.0,6.594897148473979,0.7327663498304422,1350
obm,15,x,24,480.0,6.591211819997255,0.732356868888584,1300
obm,15,x,25,500.0,6.6944044134108,0.7438227126012,1250
obm,15,y,1,20.0,4.622259887739121,0.5135844319710134,2450
obm,15,y,2,40.0,6.483934332399228,0.7204371480443587,2400
obm,15,y,3,60.0,7.3529795305302645,0.8169977256144738,2350
obm,15,y,4,80.0,7.289549223574178,0.8099499137304642,2300
obm,15,y,5,100.0,7.1101544714740275,0.7900171634971141,2250
obm,15,y,6,120.0,7.699145836489188,0.8554606484987987,2200
obm,15,y,7,140.0,8.24578959142572,0.9161988434917466,2150
obm,15,y,8,160.0,9.114011515316278,1.012667946146253,2100
obm,15,y,9,180.0,9.489418084960334,1.054379787217815,2050
obm,15,y,10,200.0,10.04103584858932,1.1156706498432578,2000
obm,15,y,11,220.0,10.422409404084092,1.158045489342677,1950
obm,15,y,12,240.0,10.708743327473469,1.1898603697192742,1900
obm,15,y,13,260.0,10.864624522968882,1.2071805025520979,1850
obm,15,y,14,280.0,11.067529011292843,1.2297254456992048,1800
obm,15,y,15,300.0,11.636828582150287,1.292980953572254,1750
obm,15,y,16,320.0,11.965180133904479,1.3294644593227198,1700
obm,15,y,17,340.0,12.25639973332507,1.3618221925916745,1650
obm,15,y,18,360.0,12.22148495589917,1.3579427728776856,1600
obm,15,y,19,380.0,11.825303762268598,1.3139226402520665,1550
obm,15,y,20,400.0,11.529272501649427,1.2810302779610474,1500
obm,15,y,21,420.0,11.575752725407746,1.2861947472675272,1450
obm,15,y,22,440.0,11.478492228134636,1.2753880253482928,1400
obm,15,y,23,460.0,11.754765055612772,1.3060850061791969,1350
obm,15,y,24,480.0,11.796263678969172,1.310695964329908,1300
obm,15,y,25,500.0,11.05671552085302,1.2285239467614466,1250
obm,16,x,1,20.0,1.8342251311898679,0.20380279235442977,2450
obm,16,x,2,40.0,2.7895446112925453,0.30994940125472725,2400
obm,16,x,3,60.0,3.4471972774781077,0.3830219197197897,2350
obm,16,x,4,80.0,3.9848258246267063,0.4427584249585229,2300
obm,16,x,5,100.0,4.208851156381429,0.4676501284868254,2250
obm,16,x,6,120.0,4.615736823498673,0.5128596470554081,2200
obm,16,x,7,140.0,4.995124480315059,0.5550138311461177,2150
obm,16,x,8,160.0,5.369288293471216,0.5965875881634685,2100
obm,16,x,9,180.0,5.589659721996494,0.6210733024440549,2050
obm,16,x,10,200.0,5.597180749608842,0.6219089721787603,2000
obm,16,x,11,220.0,5.606769167281756,0.6229743519201951,1950
obm,16,x,12,240.0,5.440408331849365,0.6044898146499293,1900
obm,16,x,13,260.0,5.266124819193143,0.5851249799103493,1850
obm,16,x,14,280.0,5.0104954768262875,0.5567217196473653,1800
obm,16,x,15,300.0,4.831083796719435,0.5367870885243816,1750
obm,16,x,16,320.0,4.560430360393548,0.506714484488172,1700
obm,16,x,17,340.0,4.42378587354463,0.4915317637271811,1650
obm,16,x,18,360.0,4.37957407089535,0.4866193412105944,1600
obm,16,x,19,380.0,4.281643493280212,0.47573816592002355,1550
obm,16,x,20,400.0,4.284143728573227,0.47601596984146965,1500
obm,16,x,21,420.0,4.300826945183977,0.47786966057599745,1450
obm,16,x,22,440.0,4.417486704469129,0.4908318560521254,1400
obm,16,x,23,460.0,4.584677582450005,0.5094086202722228,1350
obm,16,x,24,480.0,4.702031781020483,0.5224479756689425,1300
obm,16,x,25,500.0,4.721518287990349,0.5246131431100387,1250
obm,16,y,1,20.0,2.7067455439512114,0.3007495048834679,2450
obm,16,y,2,40.0,4.273816015396253,0.47486844615513923,2400
obm,16,y,3,60.0,5.201500795752086,0.5779445328613428,2350
obm,16,y,4,80.0,5.911104840037013,0.6567894266707792,2300
obm,16,y,5,100.0,6.742555499202428,0.7491728332447143,2250
obm,16,y,6,120.0,7.4083681411447175,0.8231520156827464,2200
obm,16,y,7,140.0,8.290457826584417,0.9211619807316018,2150
obm,16,y,8,160.0,9.18007138373371,1.0200079315259678,2100
obm,16,y,9,180.0,9.753969131824338,1.083774347980482,2050
obm,16,y,10,200.0,10.428416935949594,1.1587129928832882,2000
obm,16,y,11,220.0,11.199151188888791,1.2443501320987547,1950
obm,16,y,12,240.0,12.066108918618298,1.3406787687353665,1900
obm,16,y,13,260.0,12.6903696158003,1.4100410684222555,1850
obm,16,y,14,280.0,13.226303070875248,1.4695892300972497,1800
obm,16,y,15,300.0,13.874347629638585,1.541594181070954,1750
obm,16,y,16,320.0,14.361820124359165,1.5957577915954628,1700
obm,16,y,17,340.0,14.52569188109646,1.6139657645662733,1650
obm,16,y,18,360.0,14.653040869767825,1.628115652196425,1600
obm,16,y,19,380.0,14.638159415812401,1.626462157312489,1550
obm,16,y,20,400.0,14.347134952813784,1.5941261058681981,1500
obm,16,y,21,420.0,14.217291900038449,1.5796991000042722,1450
obm,16,y,22,440.0,13.655031164886708,1.517225684987412,1400
obm,16,y,23,460.0,13.15391617055576,1.4615462411728624,1350
obm,16,y,24,480.0,12.308714624294815,1.3676349582549794,1300
obm,16,y,25,500.0,11.656159295522498,1.295128810613611,1250
obm,17,x,1,20.0,2.1248550556332524,0.23609500618147258,2450
obm,17,x,2,40.0,3.3343210517649733,0.37048011686277493,2400
obm,17,x,3,60.0,4.1549783452233084,0.4616642605803678,2350
obm,17,x,4,80.0,4.698780796450698,0.5220867551611889,2300
obm,17,x,5,100.0,5.175944163214679,0.5751049070238535,2250
obm,17,x,6,120.0,5.494565594141074,0.6105072882378973,2200
obm,17,x,7,140.0,5.709272782428573,0.6343636424920639,2150
obm,17,x,8,160.0,5.805717383236233,0.6450797092484707,2100
obm,17,x,9,180.0,5.7414238906624195,0.6379359878513802,2050
obm,17,x,10,200.0,6.020090803312441,0.6688989781458271,2000
obm,17,x,11,220.0,6.206804602588527,0.6896449558431699,1950
obm,17,x,12,240.0,6.287199555279261,0.6985777283643626,1900
obm,17,x,13,260.0,6.553277014728131,0.7281418905253482,1850
obm,17,x,14,280.0,6.635031130542061,0.7372256811713405,1800
obm,17,x,15,300.0,6.71202217289905,0.7457802414332281,1750
obm,17,x,16,320.0,6.847875300052336,0.7608750333391487,1700
obm,17,x,17,340.0,7.0050985001006945,0.7783442777889663,1650
obm,17,x,18,360.0,7.145880387745349,0.7939867097494835,1600
obm,17,x,19,380.0,7.228671504004613,0.8031857226671795,1550
obm,17,x,20,400.0,7.334758999155719,0.8149732221284135,1500
obm,17,x,21,420.0,7.383401691084487,0.8203779656760544,1450
obm,17,x,22,440.0,7.502203327446503,0.8335781474940562,1400
obm,17,x,23,460.0,7.568046234217747,0.8408940260241945,1350
obm,17,x,24,480.0,7.466183391143926,0.8295759323493255,1300
obm,17,x,25,500.0,7.423525712375087,0.8248361902638989,1250
obm,17,y,1,20.0,3.2383585383899223,0.3598176153766582,2450
obm,17,y,2,40.0,5.164300433849553,0.5738111593166172,2400
obm,17,y,3,60.0,6.128836275159994,0.6809818083511108,2350
obm,17,y,4,80.0,7.005327747300987,0.77836974970011,2300
obm,17,y,5,100.0,7.697657574784389,0.8552952860871547,2250
obm,17,y,6,120.0,7.9369149616048364,0.8818794401783155,2200
obm,17,y,7,140.0,8.457433734636512,0.9397148594040572,2150
obm,17,y,8,160.0,8.773994226824469,0.9748882474249413,2100
obm,17,y,9,180.0,9.199514781759882,1.0221683090844318,2050
obm,17,y,10,200.0,9.455670529714334,1.0506300588571487,2000
obm,17,y,11,220.0,9.5504266937262,1.0611585215251338,1950
obm,17,y,12,240.0,9.678331936814288,1.075370215201588,1900
obm,17,y,13,260.0,9.97718740716367,1.1085763785737417,1850
obm,17,y,14,280.0,10.321059375906035,1.146784375100671,1800
obm,17,y,15,300.0,10.504648203744264,1.167183133749363,1750
obm,17,y,16,320.0,10.757388042165323,1.1952653380183695,1700
obm,17,y,17,340.0,10.862405603121218,1.206933955902358,1650
obm,17,y,18,360.0,11.309131269441336,1.2565701410490377,1600
obm,17,y,19,380.0,11.652513962153025,1.2947237735725587,1550
obm,17,y,20,400.0,11.635621304223314,1.2928468115803686,1500
obm,17,y,21,420.0,11.758969727340403,1.306552191926712,1450
obm,17,y,22,440.0,11.878279068544481,1.3198087853938318,1400
obm,17,y,23,460.0,11.252566391215497,1.2502851545795002,1350
obm,17,y,24,480.0,10.77917955035817,1.197686616706464,1300
obm,17,y,25,500.0,10.07407120109124,1.1193412445656938,1250
obm,18,x,1,20.0,2.2578998820307095,0.2508777646700787,2450
obm,18,x,2,40.0,3.5128758195991168,0.39031953551101284,2400
obm,18,x,3,60.0,4.310296197010505,0.4789217996678337,2350
obm,18,x,4,80.0,5.12386682265221,0.5693185358502453,2300
obm,18,x,5,100.0,5.795282691773728,0.6439202990859696,2250
obm,18,x,6,120.0,6.080003875687526,0.6755559861875026,2200
obm,18,x,7,140.0,6.4929115830316055,0.7214346203368448,2150
obm,18,x,8,160.0,6.817790544785234,0.7575322827539146,2100
obm,18,x,9,180.0,7.156023250933665,0.7951136945481847,2050
obm,18,x,10,200.0,7.304402741458199,0.8116003046064663,2000
obm,18,x,11,220.0,7.305270243819054,0.8116966937576724,1950
obm,18,x,12,240.0,7.514841825488488,0.8349824250542761,1900
obm,18,x,13,260.0,7.771129752665285,0.8634588614072536,1850
obm,18,x,14,280.0,7.7565826565528795,0.861842517394764,1800
obm,18,x,15,300.0,7.902842655892459,0.8780936284324952,1750
obm,18,x,16,320.0,7.8511537756256065,0.872350419513956,1700
obm,18,x,17,340.0,7.94308385152728,0.8825648723919197,1650
obm,18,x,18,360.0,7.9051752604634205,0.8783528067181575,1600
obm,18,x,19,380.0,8.047294371717141,0.894143819079682,1550
obm,18,x,20,400.0,8.030233923606188,0.8922482137340205,1500
obm,18,x,21,420.0,7.883868574893802,0.8759853972104221,1450
obm,18,x,22,440.0,7.647378658612886,0.8497087398458759,1400
obm,18,x,23,460.0,7.5222271138626216,0.8358030126514021,1350
obm,18,x,24,480.0,7.249797588928054,0.8055330654364501,1300
obm,18,x,25,500.0,7.292902302707013,0.8103224780785567,1250
obm,18,y,1,20.0,3.9691243602285664,0.4410138178031739,2450
obm,18,y,2,40.0,5.789855010010495,0.6433172233344991,2400
obm,18,y,3,60.0,6.750103507117602,0.7500115007908444,2350
obm,18,y,4,80.0,7.085071260199765,0.7872301400221958,2300
obm,18,y,5,100.0,7.523417951502276,0.835935327944697,2250
obm,18,y,6,120.0,8.329913971361307,0.9255459968179227,2200
obm,18,y,7,140.0,8.478445453746316,0.9420494948607014,2150
obm,18,y,8,160.0,8.487028786821393,0.9430031985357099,2100
obm,18,y,9,180.0,8.450398983646917,0.9389332204052125,2050
obm,18,y,10,200.0,9.061072135491132,1.0067857928323476,2000
obm,18,y,11,220.0,9.631289562365527,1.0701432847072805,1950
obm,18,y,12,240.0,10.216220192769523,1.135135576974391,1900
obm,18,y,13,260.0,10.951345143240419,1.2168161270267126,1850
obm,18,y,14,280.0,11.17894728663867,1.2421052540709627,1800
obm,18,y,15,300.0,11.29095747439441,1.2545508304882673,1750
obm,18,y,16,320.0,11.052610983740749,1.228067887082305,1700
obm,18,y,17,340.0,10.8830809512063,1.2092312168006993,1650
obm,18,y,18,360.0,11.027017317439103,1.225224146382122,1600
obm,18,y,19,380.0,11.433923245338013,1.2704359161486676,1550
obm,18,y,20,400.0,12.011487797293144,1.3346097552547933,1500
obm,18,y,21,420.0,12.223594300619121,1.3581771445132351,1450
obm,18,y,22,440.0,12.021223642795889,1.3356915158662093,1400
obm,18,y,23,460.0,11.566459430226105,1.2851621589140112,1350
obm,18,y,24,480.0,11.281730611384887,1.2535256234872092,1300
obm,18,y,25,500.0,11.27105467434861,1.2523394082609562,1250
obm,19,x,1,20.0,1.5316440921470598,0.17018267690522887,2450
obm,19,x,2,40.0,2.3099844253483113,0.25666493614981234,2400
obm,19,x,3,60.0,2.772196028390551,0.30802178093228344,2350
obm,19,x,4,80.0,3.168893559360335,0.35209928437337057,2300
obm,19,x,5,100.0,3.5600281598843044,0.39555868443158937,2250
obm,19,x,6,120.0,3.7275869456754736,0.4141763272972748,2200
obm,19,x,7,140.0,3.9439550221061754,0.4382172246784639,2150
obm,19,x,8,160.0,4.046466854617482,0.44960742829083133,2100
obm,19,x,9,180.0,4.138924181822026,0.4598804646468918,2050
obm,19,x,10,200.0,4.1730869781209226,0.46367633090232474,2000
obm,19,x,11,220.0,4.249089058174066,0.47212100646378513,1950
obm,19,x,12,240.0,4.378532827780075,0.4865036475311194,1900
obm,19,x,13,260.0,4.340045949832067,0.4822273277591186,1850
obm,19,x,14,280.0,4.188784937789257,0.4654205486432508,1800
obm,19,x,15,300.0,4.293464443521989,0.4770516048357766,1750
obm,19,x,16,320.0,4.292254634265378,0.476917181585042,1700
obm,19,x,17,340.0,4.43027760346553,0.49225306705172556,1650
obm,19,x,18,360.0,4.5734317838899825,0.5081590870988869,1600
obm,19,x,19,380.0,4.70636276251174,0.5229291958346378,1550
obm,19,x,20,400.0,4.761499508471733,0.5290555009413036,1500
obm,19,x,21,420.0,4.694568502919035,0.5216187225465594,1450
obm,19,x,22,440.0,4.722129802838755,0.5246810892043061,1400
obm,19,x,23,460.0,4.842707680712245,0.5380786311902495,1350
obm,19,x,24,480.0,4.978681982494018,0.5531868869437797,1300
obm,19,x,25,500.0,5.073221022275765,0.5636912246973073,1250
obm,19,y,1,20.0,3.04795949595278,0.33866216621697554,2450
obm,19,y,2,40.0,4.677202711652303,0.5196891901835892,2400
obm,19,y,3,60.0,5.239523020745477,0.5821692245272752,2350
obm,19,y,4,80.0,5.694865141684567,0.6327627935205075,2300
obm,19,y,5,100.0,6.618862307079607,0.7354291452310675,2250
obm,19,y,6,120.0,7.0540453450749245,0.783782816119436,2200
obm,19,y,7,140.0,7.439175304196329,0.8265750337995921,2150
obm,19,y,8,160.0,8.054053218949976,0.8948948021055529,2100
obm,19,y,9,180.0,9.045178820685202,1.0050198689650225,2050
obm,19,y,10,200.0,10.103492347468762,1.1226102608298625,2000
obm,19,y,11,220.0,10.90983653812445,1.2122040597916055,1950
obm,19,y,12,240.0,11.118199590836134,1.235355510092904,1900
obm,19,y,13,260.0,11.265646879054726,1.2517385421171918,1850
obm,19,y,14,280.0,11.64406366111935,1.2937848512354835,1800
obm,19,y,15,300.0,12.113431333118818,1.3459368147909798,1750
obm,19,y,16,320.0,12.713129624390655,1.4125699582656284,1700
obm,19,y,17,340.0,13.053987920650044,1.4504431022944493,1650
obm,19,y,18,360.0,13.238880710717039,1.4709867456352266,1600
obm,19,y,19,380.0,13.41432452713405,1.4904805030148944,1550
obm,19,y,20,400.0,13.705098961937804,1.522788773548645,1500
obm,19,y,21,420.0,13.730753006012156,1.5256392228902396,1450
obm,19,y,22,440.0,13.609672466904623,1.5121858296560693,1400
obm,19,y,23,460.0,13.27237483260301,1.4747083147336677,1350
obm,19,y,24,480.0,12.80968889931397,1.423298766590441,1300
obm,19,y,25,500.0,12.502575078399651,1.3891750087110724,1250
obm,20,x,1,20.0,1.8792014423475487,0.20880016026083867,2450
obm,20,x,2,40.0,2.7364076546113174,0.30404529495681293,2400
obm,20,x,3,60.0,3.4918967788848834,0.3879885309872091,2350
obm,20,x,4,80.0,3.9586658239109656,0.43985175821232936,2300
obm,20,x,5,100.0,4.40184720915766,0.4890941343508509,2250
obm,20,x,6,120.0,4.694473804118684,0.5216082004576313,2200
obm,20,x,7,140.0,4.856502972388578,0.5396114413765085,2150
obm,20,x,8,160.0,5.053615522135129,0.5615128357927919,2100
obm,20,x,9,180.0,5.199743930276142,0.5777493255862378,2050
obm,20,x,10,200.0,5.287906864709935,0.5875452071899926,2000
obm,20,x,11,220.0,5.329981989342228,0.5922202210380251,1950
obm,20,x,12,240.0,5.221911079186017,0.5802123421317794,1900
obm,20,x,13,260.0,5.135210709676885,0.5705789677418759,1850
obm,20,x,14,280.0,5.177584314057479,0.5752871460063863,1800
obm,20,x,15,300.0,5.191168163337131,0.5767964625930143,1750
obm,20,x,16,320.0,5.290429379979881,0.587825486664431,1700
obm,20,x,17,340.0,5.460493360571844,0.6067214845079825,1650
obm,20,x,18,360.0,5.773828472685391,0.6415364969650432,1600
obm,20,x,19,380.0,5.949072875435295,0.6610080972705881,1550
obm,20,x,20,400.0,6.112035430586618,0.6791150478429573,1500
obm,20,x,21,420.0,6.324977897326203,0.7027753219251334,1450
obm,20,x,22,440.0,6.472412369530068,0.719156929947785,1400
obm,20,x,23,460.0,6.555597522090971,0.7283997246767743,1350
obm,20,x,24,480.0,6.515713298407292,0.7239681442674766,1300
obm,20,x,25,500.0,6.52534979549994,0.7250388661666597,1250
obm,20,y,1,20.0,2.9221634222629995,0.3246848246958887,2450
obm,20,y,2,40.0,4.565109084888578,0.5072343427653974,2400
obm,20,y,3,60.0,5.8482601935022105,0.649806688166912,2350
obm,20,y,4,80.0,6.235747968792599,0.6928608854213996,2300
obm,20,y,5,100.0,6.69033197180618,0.7433702190895752,2250
obm,20,y,6,120.0,7.108336902037413,0.78981521133749,2200
obm,20,y,7,140.0,7.373021069965436,0.8192245633294926,2150
obm,20,y,8,160.0,7.423406975511992,0.8248229972791099,2100
obm,20,y,9,180.0,7.421967503646388,0.8246630559607094,2050
obm,20,y,10,200.0,7.667380137819426,0.8519311264243803,2000
obm,20,y,11,220.0,7.730861418452113,0.8589846020502344,1950
obm,20,y,12,240.0,7.969220080943984,0.8854688978826646,1900
obm,20,y,13,260.0,8.264003997282868,0.9182226663647628,1850
obm,20,y,14,280.0,8.666886825085914,0.9629874250095456,1800
obm,20,y,15,300.0,9.396300421025394,1.0440333801139323,1750
obm,20,y,16,320.0,9.768375836674691,1.0853750929638541,1700
obm,20,y,17,340.0,10.034968930570198,1.1149965478411326,1650
obm,20,y,18,360.0,10.010117481190152,1.1122352756877942,1600
obm,20,y,19,380.0,9.922544693856448,1.1025049659840493,1550
obm,20,y,20,400.0,10.212284581759501,1.1346982868621664,1500
obm,20,y,21,420.0,10.493119942086775,1.165902215787419,1450
obm,20,y,22,440.0,10.739324894746483,1.1932583216384975,1400
obm,20,y,23,460.0,11.024000586509452,1.2248889540566053,1350
obm,20,y,24,480.0,11.3304661537633,1.2589406837514774,1300
obm,20,y,25,500.0,11.559118726776669,1.284346525197407,1250
obm,21,x,1,20.0,1.6957288801314911,0.18841432001461011,2450
obm,21,x,2,40.0,2.821999558356895,0.3135555064840994,2400
obm,21,x,3,60.0,3.4883182964931962,0.3875909218325774,2350
obm,21,x,4,80.0,3.9705891602691965,0.44117657336324406,2300
obm,21,x,5,100.0,4.490760018466205,0.49897333538513394,2250
obm,21,x,6,120.0,4.856115949726917,0.5395684388585463,2200
obm,21,x,7,140.0,5.178123637440233,0.5753470708266926,2150
obm,21,x,8,160.0,5.367663460346348,0.5964070511495942,2100
obm,21,x,9,180.0,5.407303150800671,0.6008114612000746,2050
obm,21,x,10,200.0,5.459508028050565,0.6066120031167295,2000
obm,21,x,11,220.0,5.575219028332188,0.6194687809257986,1950
obm,21,x,12,240.0,5.732195049603618,0.6369105610670687,1900
obm,21,x,13,260.0,5.775336519066657,0.6417040576740729,1850
obm,21,x,14,280.0,5.752800933003865,0.6392001036670961,1800
obm,21,x,15,300.0,5.838268025798535,0.6486964473109483,1750
obm,21,x,16,320.0,5.857848948427159,0.6508721053807954,1700
obm,21,x,17,340.0,5.742829084373182,0.6380921204859091,1650
obm,21,x,18,360.0,5.851801699911079,0.6502001888790088,1600
obm,21,x,19,380.0,5.933205024334756,0.6592450027038618,1550
obm,21,x,20,400.0,6.067480018204539,0.674164446467171,1500
obm,21,x,21,420.0,6.0562066168311075,0.6729118463145675,1450
obm,21,x,22,440.0,6.1165667667914905,0.6796185296434989,1400
obm,21,x,23,460.0,6.202499687438327,0.6891666319375919,1350
obm,21,x,24,480.0,6.222552840422439,0.6913947600469377,1300
obm,21,x,25,500.0,6.167908277387349,0.6853231419319277,1250
obm,21,y,1,20.0,2.8250356713943425,0.31389285237714915,2450
obm,21,y,2,40.0,4.617002144745825,0.5130002383050917,2400
obm,21,y,3,60.0,5.586051262836541,0.6206723625373934,2350
obm,21,y,4,80.0,6.148776074665206,0.6831973416294673,2300
obm,21,y,5,100.0,6.756894805706213,0.7507660895229126,2250
obm,21,y,6,120.0,7.555063211611447,0.8394514679568275,2200
obm,21,y,7,140.0,8.101525221582175,0.9001694690646862,2150
obm,21,y,8,160.0,8.567552644064365,0.9519502937849295,2100
obm,21,y,9,180.0,9.422551667202319,1.046950185244702,2050
obm,21,y,10,200.0,10.302880387850557,1.1447644875389509,2000
obm,21,y,11,220.0,10.721663184703827,1.1912959094115363,1950
obm,21,y,12,240.0,11.463706750122357,1.2737451944580398,1900
obm,21,y,13,260.0,12.159801725821245,1.351089080646805,1850
obm,21,y,14,280.0,12.71432802810964,1.4127031142344044,1800
obm,21,y,15,300.0,13.076984583871056,1.452998287096784,1750
obm,21,y,16,320.0,13.205138968078717,1.4672376631198576,1700
obm,21,y,17,340.0,13.391157276560593,1.487906364062288,1650
obm,21,y,18,360.0,13.763934259962504,1.5293260288847226,1600
obm,21,y,19,380.0,14.027542338230058,1.5586158153588954,1550
obm,21,y,20,400.0,13.730671243675271,1.5256301381861412,1500
obm,21,y,21,420.0,13.416553808403972,1.4907282009337746,1450
obm,21,y,22,440.0,13.271732243764745,1.4746369159738606,1400
obm,21,y,23,460.0,12.901908784814516,1.4335454205349463,1350
obm,21,y,24,480.0,12.425695023960593,1.3806327804400658,1300
obm,21,y,25,500.0,11.860494051264327,1.317832672362703,1250
obm,22,x,1,20.0,2.9579780969008502,0.3286642329889835,2450
obm,22,x,2,40.0,4.307407726542278,0.4786008585046978,2400
obm,22,x,3,60.0,4.844307370683238,0.5382563745203599,2350
obm,22,x,4,80.0,5.156478991220573,0.5729421101356195,2300
obm,22,x,5,100.0,5.388792389289806,0.5987547099210898,2250
obm,22,x,6,120.0,5.630976525827035,0.6256640584252263,2200
obm,22,x,7,140.0,5.424816083543286,0.6027573426159208,2150
obm,22,x,8,160.0,5.33718808629282,0.5930208984769803,2100
obm,22,x,9,180.0,5.126201041493165,0.5695778934992408,2050
obm,22,x,10,200.0,5.197189243691045,0.5774654715212274,2000
obm,22,x,11,220.0,5.292386502331997,0.5880429447035554,1950
obm,22,x,12,240.0,5.31767408348255,0.5908526759425058,1900
obm,22,x,13,260.0,5.017099640196179,0.5574555155773534,1850
obm,22,x,14,280.0,5.001325737492929,0.5557028597214368,1800
obm,22,x,15,300.0,5.067338185740743,0.5630375761934161,1750
obm,22,x,16,320.0,5.453641136263748,0.6059601262515278,1700
obm,22,x,17,340.0,5.498095160611498,0.6108994622901667,1650
obm,22,x,18,360.0,5.522108686852551,0.613567631872506,1600
obm,22,x,19,380.0,5.538110982668103,0.6153456647409006,1550
obm,22,x,20,400.0,5.526513014520227,0.6140570016133589,1500
obm,22,x,21,420.0,5.3387041473733,0.5931893497081447,1450
obm,22,x,22,440.0,5.341642156868938,0.59351579520766,1400
obm,22,x,23,460.0,5.219869234804899,0.579985470533878,1350
obm,22,x,24,480.0,5.289101105130788,0.5876779005700878,1300
obm,22,x,25,500.0,5.673848972639284,0.6304276636265874,1250
obm,22,y,1,20.0,4.253705731445781,0.47263397016064257,2450
obm,22,y,2,40.0,5.871206376521662,0.6523562640579627,2400
obm,22,y,3,60.0,6.428906416353127,0.7143229351503477,2350
obm,22,y,4,80.0,6.872667534430896,0.7636297260478776,2300
obm,22,y,5,100.0,7.41396290282604,0.8237736558695603,2250
obm,22,y,6,120.0,8.045770622676141,0.8939745136306827,2200
obm,22,y,7,140.0,8.434407244078482,0.9371563604531651,2150
obm,22,y,8,160.0,9.192510825400369,1.0213900917111525,2100
obm,22,y,9,180.0,9.996071261915878,1.1106745846573203,2050
obm,22,y,10,200.0,10.331202578055265,1.1479113975616966,2000
obm,22,y,11,220.0,10.569813000008901,1.1744236666676562,1950
obm,22,y,12,240.0,11.2895139784808,1.2543904420534226,1900
obm,22,y,13,260.0,12.122487611058553,1.3469430678953953,1850
obm,22,y,14,280.0,12.540085635310934,1.393342848367882,1800
obm,22,y,15,300.0,13.120900100539343,1.4578777889488164,1750
obm,22,y,16,320.0,13.562132731719934,1.506903636857771,1700
obm,22,y,17,340.0,13.519678045980086,1.5021864495533435,1650
obm,22,y,18,360.0,13.349108730962834,1.4832343034403155,1600
obm,22,y,19,380.0,13.409891296481916,1.4899879218313246,1550
obm,22,y,20,400.0,13.683700222319096,1.5204111358132335,1500
obm,22,y,21,420.0,13.331957170950872,1.4813285745500975,1450
obm,22,y,22,440.0,12.935437999840218,1.4372708888711359,1400
obm,22,y,23,460.0,11.915159310037165,1.32390659000413,1350
obm,22,y,24,480.0,11.39895096532792,1.2665501072586582,1300
obm,22,y,25,500.0,11.184287755666675,1.24269863951852,1250
obm,23,x,1,20.0,2.0645372085700533,0.2293930231744504,2450
obm,23,x,2,40.0,3.2502011098556918,0.3611334566506325,2400
obm,23,x,3,60.0,4.058994629320649,0.45099940325785,2350
obm,23,x,4,80.0,4.546134967534622,0.5051261075038469,2300
obm,23,x,5,100.0,4.880689610653266,0.5422988456281408,2250
obm,23,x,6,120.0,5.10769311899506,0.567521457666118,2200
obm,23,x,7,140.0,5.275751861328369,0.5861946512587078,2150
obm,23,x,8,160.0,5.416075822158136,0.6017862024620153,2100
obm,23,x,9,180.0,5.436844230566421,0.6040938033962691,2050
obm,23,x,10,200.0,5.468566132313854,0.6076184591459839,2000
obm,23,x,11,220.0,5.424033922137145,0.6026704357930163,1950
obm,23,x,12,240.0,5.354776847321186,0.5949752052579097,1900
obm,23,x,13,260.0,5.288990701859462,0.5876656335399404,1850
obm,23,x,14,280.0,5.431295538381792,0.6034772820424215,1800
obm,23,x,15,300.0,5.647281207140956,0.6274756896823286,1750
obm,23,x,16,320.0,5.721317421176229,0.6357019356862478,1700
obm,23,x,17,340.0,5.734368351295502,0.6371520390328337,1650
obm,23,x,18,360.0,5.794410558857678,0.6438233954286311,1600
obm,23,x,19,380.0,5.685003600720658,0.6316670667467399,1550
obm,23,x,20,400.0,5.683110378840943,0.6314567087601048,1500
obm,23,x,21,420.0,5.708152893759503,0.6342392104177227,1450
obm,23,x,22,440.0,5.743344035678612,0.6381493372976237,1400
obm,23,x,23,460.0,5.836467584196822,0.6484963982440914,1350
obm,23,x,24,480.0,5.704436967789075,0.6338263297543418,1300
obm,23,x,25,500.0,5.783679268179091,0.6426310297976768,1250
obm,23,y,1,20.0,2.81562064177075,0.31284673797452783,2450
obm,23,y,2,40.0,4.580512992098102,0.5089458880109003,2400
obm,23,y,3,60.0,5.705738007731717,0.6339708897479687,2350
obm,23,y,4,80.0,6.2830760426100705,0.698119560290008,2300
obm,23,y,5,100.0,7.392025928821363,0.8213362143134849,2250
obm,23,y,6,120.0,8.061639709457463,0.8957377454952739,2200
obm,23,y,7,140.0,8.629909717920768,0.9588788575467522,2150
obm,23,y,8,160.0,9.095818082698091,1.0106464536331214,2100
obm,23,y,9,180.0,9.68613606596183,1.0762373406624257,2050
obm,23,y,10,200.0,10.006973365830348,1.1118859295367056,2000
obm,23,y,11,220.0,10.47026366048024,1.1633626289422492,1950
obm,23,y,12,240.0,10.844785765060198,1.2049761961178,1900
obm,23,y,13,260.0,11.306892708557376,1.2563214120619308,1850
obm,23,y,14,280.0,11.818376177456946,1.3131529086063276,1800
obm,23,y,15,300.0,12.305170570710334,1.3672411745233708,1750
obm,23,y,16,320.0,12.754287848306898,1.4171430942563223,1700
obm,23,y,17,340.0,13.384674439393116,1.4871860488214577,1650
obm,23,y,18,360.0,13.850062384909068,1.5388958205454522,1600
obm,23,y,19,380.0,14.415796993506707,1.6017552215007456,1550
obm,23,y,20,400.0,14.687030655040823,1.6318922950045363,1500
obm,23,y,21,420.0,14.814388588227406,1.646043176469712,1450
obm,23,y,22,440.0,14.608428928857814,1.6231587698730907,1400
obm,23,y,23,460.0,14.293300726428697,1.5881445251587445,1350
obm,23,y,24,480.0,13.12870350396142,1.4587448337734914,1300
obm,23,y,25,500.0,11.761048311901169,1.3067831457667967,1250
obm,24,x,1,20.0,1.6559372177864442,0.18399302419849384,2450
obm,24,x,2,40.0,2.4971098444805433,0.2774566493867271,2400
obm,24,x,3,60.0,3.140842564139878,0.3489825071266532,2350
obm,24,x,4,80.0,3.554335329298891,0.39492614769987683,2300
obm,24,x,5,100.0,3.9500902462533083,0.4388989162503677,2250
obm,24,x,6,120.0,4.255017243384952,0.4727796937094392,2200
obm,24,x,7,140.0,4.378544795388943,0.4865049772654382,2150
obm,24,x,8,160.0,4.466732688299588,0.4963036320332877,2100
obm,24,x,9,180.0,4.655348693639482,0.5172609659599425,2050
obm,24,x,10,200.0,4.701087909751511,0.5223431010835013,2000
obm,24,x,11,220.0,4.807652204318867,0.534183578257652,1950
obm,24,x,12,240.0,4.855191068775187,0.5394656743083542,1900
obm,24,x,13,260.0,4.989009830746888,0.5543344256385433,1850
obm,24,x,14,280.0,5.118593360460479,0.56873259560672,1800
obm,24,x,15,300.0,5.0972462633009465,0.5663606959223275,1750
obm,24,x,16,320.0,5.182964533722131,0.575884948191348,1700
obm,24,x,17,340.0,5.296494081762349,0.5884993424180389,1650
obm,24,x,18,360.0,5.4497405536121395,0.6055267281791268,1600
obm,24,x,19,380.0,5.486727679109556,0.6096364087899508,1550
obm,24,x,20,400.0,5.744137362945679,0.6382374847717422,1500
obm,24,x,21,420.0,6.049299902391382,0.6721444335990425,1450
obm,24,x,22,440.0,6.1112630221820865,0.6790292246868986,1400
obm,24,x,23,460.0,6.385833734653132,0.7095370816281259,1350
obm,24,x,24,480.0,6.4833264437583,0.7203696048620335,1300
obm,24,x,25,500.0,6.825577730750553,0.7583975256389506,1250
obm,24,y,1,20.0,3.2727559758370792,0.36363955287078664,2450
obm,24,y,2,40.0,4.513417206967835,0.501490800774204,2400
obm,24,y,3,60.0,5.0687713680295134,0.5631968186699461,2350
obm,24,y,4,80.0,5.684747623565071,0.6316386248405637,2300
obm,24,y,5,100.0,6.377180829224089,0.7085756476915656,2250
obm,24,y,6,120.0,7.183855774826519,0.7982061972029467,2200
obm,24,y,7,140.0,7.7217839040825185,0.8579759893425022,2150
obm,24,y,8,160.0,8.24527816768256,0.9161420186313958,2100
obm,24,y,9,180.0,8.46477629794707,0.9405306997718968,2050
obm,24,y,10,200.0,8.739519614105445,0.9710577349006052,2000
obm,24,y,11,220.0,9.327381935330147,1.0363757705922387,1950
obm,24,y,12,240.0,10.290227372271502,1.143358596919056,1900
obm,24,y,13,260.0,10.834793213343449,1.2038659125937168,1850
obm,24,y,14,280.0,10.9746140195878,1.2194015577319781,1800
obm,24,y,15,300.0,11.341616633209604,1.2601796259121785,1750
obm,24,y,16,320.0,11.73551596625617,1.303946218472908,1700
obm,24,y,17,340.0,12.038440067091273,1.3376044518990307,1650
obm,24,y,18,360.0,12.514894093956082,1.3905437882173428,1600
obm,24,y,19,380.0,12.284379977062617,1.3649311085625133,1550
obm,24,y,20,400.0,12.226793646813647,1.3585326274237388,1500
obm,24,y,21,420.0,12.249295377525284,1.3610328197250319,1450
obm,24,y,22,440.0,12.275514345654004,1.3639460384060007,1400
obm,24,y,23,460.0,12.285561505321521,1.3650623894801692,1350
obm,24,y,24,480.0,12.206469964423443,1.356274440491494,1300
obm,24,y,25,500.0,11.67795550365062,1.297550611516736,1250
obm,25,x,1,20.0,1.6817728418781048,0.1868636490975672,2450
obm,25,x,2,40.0,2.499206532461494,0.2776896147179438,2400
obm,25,x,3,60.0,3.07491545189688,0.3416572724329867,2350
obm,25,x,4,80.0,3.314961498798827,0.3683290554220919,2300
obm,25,x,5,100.0,3.4821631660556416,0.38690701845062686,2250
obm,25,x,6,120.0,3.747082755597345,0.416342528399705,2200
obm,25,x,7,140.0,3.8632273879145442,0.42924748754606046,2150
obm,25,x,8,160.0,4.161353601659148,0.46237262240657206,2100
obm,25,x,9,180.0,4.4225053324062715,0.4913894813784746,2050
obm,25,x,10,200.0,4.67429482990574,0.5193660922117489,2000
obm,25,x,11,220.0,4.837118242732477,0.5374575825258308,1950
obm,25,x,12,240.0,4.772434404057849,0.530270489339761,1900
obm,25,x,13,260.0,4.839228481347056,0.5376920534830062,1850
obm,25,x,14,280.0,4.803213767026862,0.5336904185585403,1800
obm,25,x,15,300.0,4.901797978693597,0.544644219854844,1750
obm,25,x,16,320.0,4.993520009880811,0.5548355566534234,1700
obm,25,x,17,340.0,5.115323149894368,0.568369238877152,1650
obm,25,x,18,360.0,5.365785203770752,0.596198355974528,1600
obm,25,x,19,380.0,5.345097219450805,0.5938996910500894,1550
obm,25,x,20,400.0,5.650159295389896,0.627795477265544,1500
obm,25,x,21,420.0,5.787049234697083,0.643005470521898,1450
obm,25,x,22,440.0,5.977978768467081,0.6642198631630091,1400
obm,25,x,23,460.0,6.147600019807204,0.683066668867467,1350
obm,25,x,24,480.0,6.332207398808698,0.7035785998676332,1300
obm,25,x,25,500.0,6.445712884800602,0.7161903205334003,1250
obm,25,y,1,20.0,2.760644481965346,0.3067382757739273,2450
obm,25,y,2,40.0,3.5312253089191077,0.3923583676576786,2400
obm,25,y,3,60.0,4.39394701986404,0.4882163355404489,2350
obm,25,y,4,80.0,5.160314250209722,0.5733682500233024,2300
obm,25,y,5,100.0,6.193657401994983,0.6881841557772204,2250
obm,25,y,6,120.0,6.905304479282599,0.7672560532536221,2200
obm,25,y,7,140.0,7.508855381411139,0.8343172646012377,2150
obm,25,y,8,160.0,7.9298040971243156,0.8810893441249239,2100
obm,25,y,9,180.0,8.643776456869304,0.9604196063188115,2050
obm,25,y,10,200.0,9.32924670100694,1.0365829667785489,2000
obm,25,y,11,220.0,10.195384919928236,1.132820546658693,1950
obm,25,y,12,240.0,10.800111432909617,1.200012381434402,1900
obm,25,y,13,260.0,11.590039540417983,1.2877821711575537,1850
obm,25,y,14,280.0,12.392646615123613,1.3769607350137347,1800
obm,25,y,15,300.0,12.970324124399834,1.441147124933315,1750
obm,25,y,16,320.0,13.586012944584757,1.5095569938427509,1700
obm,25,y,17,340.0,14.109895153260732,1.5677661281400814,1650
obm,25,y,18,360.0,14.908429109614927,1.6564921232905474,1600
obm,25,y,19,380.0,15.425120256084519,1.7139022506760577,1550
obm,25,y,20,400.0,15.743399028550325,1.7492665587278138,1500
obm,25,y,21,420.0,15.560635191377193,1.728959465708577,1450
obm,25,y,22,440.0,15.255089900234738,1.695009988914971,1400
obm,25,y,23,460.0,14.711921244671318,1.6346579160745909,1350
obm,25,y,24,480.0,13.864940166481137,1.540548907386793,1300
obm,25,y,25,500.0,12.722582859673947,1.4136203177415496,1250
obm,26,x,1,20.0,1.2749654815756697,0.1416628312861855,2450
obm,26,x,2,40.0,1.9755320676861046,0.21950356307623384,2400
obm,26,x,3,60.0,2.6364726753614387,0.2929414083734932,2350
obm,26,x,4,80.0,3.098479887815978,0.3442755430906642,2300
obm,26,x,5,100.0,3.4120679608236175,0.37911866231373526,2250
obm,26,x,6,120.0,3.597549017990509,0.3997276686656121,2200
obm,26,x,7,140.0,3.8507248112657297,0.4278583123628589,2150
obm,26,x,8,160.0,4.084783925133548,0.45386488057039426,2100
obm,26,x,9,180.0,4.221162015786295,0.46901800175403274,2050
obm,26,x,10,200.0,4.480733634796994,0.4978592927552216,2000
obm,26,x,11,220.0,4.5102977103805815,0.5011441900422868,1950
obm,26,x,12,240.0,4.466539114219825,0.49628212380220277,1900
obm,26,x,13,260.0,4.405205062851938,0.4894672292057709,1850
obm,26,x,14,280.0,4.281912151895644,0.47576801687729375,1800
obm,26,x,15,300.0,4.218347061927715,0.46870522910307943,1750
obm,26,x,16,320.0,4.307547868458891,0.4786164298287657,1700
obm,26,x,17,340.0,4.334001590085397,0.4815557322317108,1650
obm,26,x,18,360.0,4.237589700022989,0.4708433000025543,1600
obm,26,x,19,380.0,4.121376148743798,0.45793068319375535,1550
obm,26,x,20,400.0,4.068891551324654,0.4520990612582949,1500
obm,26,x,21,420.0,3.9561901189931223,0.4395766798881247,1450
obm,26,x,22,440.0,3.975965137970818,0.4417739042189798,1400
obm,26,x,23,460.0,4.052509843257021,0.4502788714730024,1350
obm,26,x,24,480.0,4.182449777769503,0.4647166419743892,1300
obm,26,x,25,500.0,4.355552143845604,0.4839502382050671,1250
obm,26,y,1,20.0,3.011878241420274,0.334653137935586,2450
obm,26,y,2,40.0,4.04911600938465,0.4499017788205167,2400
obm,26,y,3,60.0,4.926384999716267,0.5473761110795852,2350
obm,26,y,4,80.0,5.449957744985232,0.6055508605539147,2300
obm,26,y,5,100.0,6.274753532577772,0.6971948369530857,2250
obm,26,y,6,120.0,7.198970309177207,0.7998855899085785,2200
obm,26,y,7,140.0,7.863131550788466,0.8736812834209406,2150
obm,26,y,8,160.0,8.758604607369078,0.9731782897076753,2100
obm,26,y,9,180.0,9.705518029555636,1.0783908921728484,2050
obm,26,y,10,200.0,10.248434818374369,1.1387149798193743,2000
obm,26,y,11,220.0,10.87052465002049,1.207836072224499,1950
obm,26,y,12,240.0,11.556331479004292,1.2840368310004768,1900
obm,26,y,13,260.0,12.593949422390217,1.399327713598913,1850
obm,26,y,14,280.0,12.752018359505621,1.416890928833958,1800
obm,26,y,15,300.0,13.52227834430793,1.50247537158977,1750
obm,26,y,16,320.0,14.044378847146513,1.5604865385718347,1700
obm,26,y,17,340.0,14.7933417924352,1.643704643603911,1650
obm,26,y,18,360.0,15.062393627698984,1.6735992919665539,1600
obm,26,y,19,380.0,15.078841293814985,1.6754268104238872,1550
obm,26,y,20,400.0,15.293879816360626,1.699319979595625,1500
obm,26,y,21,420.0,14.942146730009998,1.6602385255566665,1450
obm,26,y,22,440.0,14.420844526453854,1.6023160584948726,1400
obm,26,y,23,460.0,13.910871436324221,1.5456523818138024,1350
obm,26,y,24,480.0,13.17076517377469,1.4634183526416322,1300
obm,26,y,25,500.0,12.196120313558687,1.3551244792842985,1250
obm,27,x,1,20.0,2.572081660761702,0.28578685119574454,2450
obm,27,x,2,40.0,4.119366080040048,0.4577073422266718,2400
obm,27,x,3,60.0,5.315024300863557,0.5905582556515061,2350
obm,27,x,4,80.0,5.880107151232798,0.6533452390258662,2300
obm,27,x,5,100.0,6.1542942222974135,0.6838104691441568,2250
obm,27,x,6,120.0,6.368768356981916,0.707640928553546,2200
obm,27,x,7,140.0,6.241569905320711,0.6935077672578565,2150
obm,27,x,8,160.0,6.107437583198641,0.6786041759109599,2100
obm,27,x,9,180.0,6.191728530178058,0.6879698366864506,2050
obm,27,x,10,200.0,6.213324655782001,0.6903694061979999,2000
obm,27,x,11,220.0,6.360221297422512,0.7066912552691677,1950
obm,27,x,12,240.0,6.5986124436378955,0.7331791604042103,1900
obm,27,x,13,260.0,6.836021047356722,0.7595578941507466,1850
obm,27,x,14,280.0,7.019683389614997,0.7799648210683326,1800
obm,27,x,15,300.0,6.932949824845871,0.7703277583162076,1750
obm,27,x,16,320.0,6.852595156646764,0.7613994618496401,1700
obm,27,x,17,340.0,7.048624002751978,0.7831804447502195,1650
obm,27,x,18,360.0,7.259708492140898,0.8066342769045438,1600
obm,27,x,19,380.0,7.401724247891139,0.8224138053212374,1550
obm,27,x,20,400.0,7.713521005656212,0.8570578895173565,1500
obm,27,x,21,420.0,7.775766105648196,0.863974011738688,1450
obm,27,x,22,440.0,7.868303523119269,0.8742559470132517,1400
obm,27,x,23,460.0,7.639055207135047,0.8487839119038938,1350
obm,27,x,24,480.0,7.689788320121417,0.8544209244579349,1300
obm,27,x,25,500.0,7.7983007249144345,0.8664778583238257,1250
obm,27,y,1,20.0,4.4117811065068695,0.4901979007229853,2450
obm,27,y,2,40.0,6.141928382023538,0.6824364868915039,2400
obm,27,y,3,60.0,6.84299312741429,0.7603325697126986,2350
obm,27,y,4,80.0,7.323861527047772,0.8137623918941965,2300
obm,27,y,5,100.0,7.793860816518379,0.8659845351687084,2250
obm,27,y,6,120.0,8.237174451654496,0.9152416057393882,2200
obm,27,y,7,140.0,8.520857950154248,0.9467619944615827,2150
obm,27,y,8,160.0,8.806114180653669,0.9784571311837406,2100
obm,27,y,9,180.0,9.01298539444293,1.0014428216047697,2050
obm,27,y,10,200.0,8.698337976818046,0.9664819974242269,2000
obm,27,y,11,220.0,8.834870572531736,0.9816522858368592,1950
obm,27,y,12,240.0,9.022228226085245,1.00246980289836,1900
obm,27,y,13,260.0,9.030119957735565,1.003346661970618,1850
obm,27,y,14,280.0,9.093968396930881,1.0104409329923199,1800
obm,27,y,15,300.0,9.292747649191035,1.0325275165767813,1750
obm,27,y,16,320.0,9.484472820845426,1.053830313427269,1700
obm,27,y,17,340.0,9.815365115308817,1.0905961239232014,1650
obm,27,y,18,360.0,9.995503611423905,1.1106115123804334,1600
obm,27,y,19,380.0,10.179454971876655,1.131050552430739,1550
obm,27,y,20,400.0,10.397645732164172,1.155293970240463,1500
obm,27,y,21,420.0,10.594681946597895,1.1771868829553211,1450
obm,27,y,22,440.0,10.767021594436448,1.1963357327151605,1400
obm,27,y,23,460.0,10.568707448017792,1.174300827557532,1350
obm,27,y,24,480.0,10.72759032350563,1.1919544803895141,1300
obm,27,y,25,500.0,10.525960134748797,1.1695511260831992,1250
obm,28,x,1,20.0,1.3928499750116383,0.1547611083346265,2450
obm,28,x,2,40.0,2.273541266620483,0.2526156962911648,2400
obm,28,x,3,60.0,2.9175243601973877,0.32416937335526536,2350
obm,28,x,4,80.0,3.3452707080951893,0.37169674534391,2300
obm,28,x,5,100.0,3.594343926394725,0.39937154737719177,2250
obm,28,x,6,120.0,3.913440155388203,0.4348266839320226,2200
obm,28,x,7,140.0,4.138745290595662,0.45986058784396255,2150
obm,28,x,8,160.0,4.428438194195054,0.49204868824389497,2100
obm,28,x,9,180.0,4.625271591579888,0.5139190657310988,2050
obm,28,x,10,200.0,4.694884613276736,0.5216538459196375,2000
obm,28,x,11,220.0,4.778529404173448,0.5309477115748277,1950
obm,28,x,12,240.0,4.843331319242005,0.538147924360223,1900
obm,28,x,13,260.0,4.9538415265206295,0.55042683628007,1850
obm,28,x,14,280.0,5.084776117074214,0.5649751241193572,1800
obm,28,x,15,300.0,5.189412965613861,0.5766014406237624,1750
obm,28,x,16,320.0,5.243000289318659,0.5825555877020734,1700
obm,28,x,17,340.0,5.349150616599724,0.5943500685110805,1650
obm,28,x,18,360.0,5.339137708698436,0.5932375231887153,1600
obm,28,x,19,380.0,5.28947052859192,0.5877189476213246,1550
obm,28,x,20,400.0,5.353914563747407,0.5948793959719342,1500
obm,28,x,21,420.0,5.441363418833955,0.6045959354259951,1450
obm,28,x,22,440.0,5.5383682006552,0.6153742445172445,1400
obm,28,x,23,460.0,5.540691712825606,0.6156324125361786,1350
obm,28,x,24,480.0,5.5690379346190495,0.6187819927354501,1300
obm,28,x,25,500.0,5.538587916364487,0.615398657373832,1250
obm,28,y,1,20.0,2.675047691720724,0.29722752130230273,2450
obm,28,y,2,40.0,4.208567090203246,0.4676185655781386,2400
obm,28,y,3,60.0,4.986876928441461,0.5540974364934957,2350
obm,28,y,4,80.0,5.527765217955936,0.6141961353284374,2300
obm,28,y,5,100.0,5.633592006581487,0.625954667397943,2250
obm,28,y,6,120.0,6.230523659227115,0.6922804065807907,2200
obm,28,y,7,140.0,7.15597244250391,0.7951080491671013,2150
obm,28,y,8,160.0,7.975138961678992,0.8861265512976659,2100
obm,28,y,9,180.0,8.813367812920715,0.9792630903245241,2050
obm,28,y,10,200.0,9.380280902344852,1.0422534335938727,2000
obm,28,y,11,220.0,9.978909083966988,1.1087676759963323,1950
obm,28,y,12,240.0,10.758383143779948,1.195375904864439,1900
obm,28,y,13,260.0,11.556867638466706,1.2840964042740786,1850
obm,28,y,14,280.0,12.290145520832528,1.3655717245369479,1800
obm,28,y,15,300.0,12.999949283763957,1.4444388093071066,1750
obm,28,y,16,320.0,13.453865749888312,1.4948739722098128,1700
obm,28,y,17,340.0,13.853287814453731,1.5392542016059705,1650
obm,28,y,18,360.0,14.460598926974626,1.6067332141082922,1600
obm,28,y,19,380.0,15.020706354106707,1.6689673726785232,1550
obm,28,y,20,400.0,15.485355396471439,1.7205950440523825,1500
obm,28,y,21,420.0,15.461677907356053,1.7179642119284506,1450
obm,28,y,22,440.0,14.996242177784366,1.6662491308649299,1400
obm,28,y,23,460.0,14.699220910200127,1.6332467678000144,1350
obm,28,y,24,480.0,13.931952184781569,1.5479946871979524,1300
obm,28,y,25,500.0,13.266124069372692,1.474013785485855,1250
obm,29,x,1,20.0,2.040493939208361,0.2267215488009289,2450
obm,29,x,2,40.0,3.27265818992888,0.3636286877698754,2400
obm,29,x,3,60.0,4.034906493359911,0.44832294370665654,2350
obm,29,x,4,80.0,4.691970971013995,0.5213301078904437,2300
obm,29,x,5,100.0,5.055274259792767,0.5616971399769739,2250
obm,29,x,6,120.0,5.292547748851942,0.5880608609835489,2200
obm,29,x,7,140.0,5.435704793940069,0.6039671993266741,2150
obm,29,x,8,160.0,5.399585528514019,0.5999539476126686,2100
obm,29,x,9,180.0,5.440435937128059,0.6044928819031173,2050
obm,29,x,10,200.0,5.601199980793599,0.6223555534215107,2000
obm,29,x,11,220.0,5.552373668389904,0.616930407598878,1950
obm,29,x,12,240.0,5.344348562931589,0.5938165069923986,1900
obm,29,x,13,260.0,5.365827836002594,0.5962030928891768,1850
obm,29,x,14,280.0,5.536016617079614,0.6151129574532902,1800
obm,29,x,15,300.0,5.747784049816197,0.6386426722017994,1750
obm,29,x,16,320.0,5.922117822385331,0.6580130913761476,1700
obm,29,x,17,340.0,6.173386027683529,0.6859317808537252,1650
obm,29,x,18,360.0,6.3859780857481105,0.7095531206386787,1600
obm,29,x,19,380.0,6.643966010100482,0.7382184455667199,1550
obm,29,x,20,400.0,6.796597919416745,0.7551775466018602,1500
obm,29,x,21,420.0,6.688696217603082,0.7431884686225644,1450
obm,29,x,22,440.0,6.709464255034658,0.7454960283371839,1400
obm,29,x,23,460.0,6.911838148977622,0.7679820165530687,1350
obm,29,x,24,480.0,6.8928561515736595,0.7658729057304063,1300
obm,29,x,25,500.0,6.808798143781693,0.7565331270868545,1250
obm,29,y,1,20.0,2.808751100592125,0.3120834556213471,2450
obm,29,y,2,40.0,4.570611589997733,0.5078457322219702,2400
obm,29,y,3,60.0,5.711834820006513,0.6346483133340568,2350
obm,29,y,4,80.0,6.601770580806995,0.7335300645341102,2300
obm,29,y,5,100.0,7.177244204297913,0.7974715782553233,2250
obm,29,y,6,120.0,7.766880809873021,0.8629867566525575,2200
obm,29,y,7,140.0,8.11935351322804,0.9021503903586707,2150
obm,29,y,8,160.0,8.633196817265153,0.9592440908072388,2100
obm,29,y,9,180.0,9.443066640904435,1.049229626767159,2050
obm,29,y,10,200.0,10.16189589904451,1.1290995443382783,2000
obm,29,y,11,220.0,10.818717873178278,1.2020797636864748,1950
obm,29,y,12,240.0,11.281780892934092,1.2535312103260097,1900
obm,29,y,13,260.0,11.663092106449767,1.2958991229388626,1850
obm,29,y,14,280.0,12.026378803925772,1.3362643115473074,1800
obm,29,y,15,300.0,12.6305374896002,1.4033930544000217,1750
obm,29,y,16,320.0,13.13609858879158,1.4595665098657304,1700
obm,29,y,17,340.0,13.500542258309729,1.5000602509233025,1650
obm,29,y,18,360.0,13.593265501255742,1.5103628334728596,1600
obm,29,y,19,380.0,13.568397620325479,1.5075997355917192,1550
obm,29,y,20,400.0,13.536885511127421,1.5040983901252685,1500
obm,29,y,21,420.0,13.359010777234756,1.4843345308038611,1450
obm,29,y,22,440.0,13.234047462300678,1.4704497180334082,1400
obm,29,y,23,460.0,13.113821055965465,1.4570912284406066,1350
obm,29,y,24,480.0,12.543540592108204,1.3937267324564666,1300
obm,29,y,25,500.0,11.59503708472477,1.2883374538583074,1250
